country,year,population,gdp_current_usd
Brazil,2010,193701929,2208837745100.55
Brazil,2011,195284734,2616156223917.69
Brazil,2012,196876111,2465227802806.76
Brazil,2013,198478299,2472819535557.21
Brazil,2014,200085127,2456043727198.85
Brazil,2015,201675532,1802212206814.5
Brazil,2016,203218114,1795693482853.01
Brazil,2017,204703445,2063514977365.65
Brazil,2018,206107261,1916933898010.99
Brazil,2019,207455459,1873288205059.69
Brazil,2020,208660842,1476107231310.49
Brazil,2021,209550294,1670647398904.9
Brazil,2022,210306415,1951923942083.32
Brazil,2023,211140729,2191131765684.63
Brazil,2024,211998573,2185821610689.31
India,2010,1243481564,1675615519484.96
India,2011,1261224954,1823051829894.55
India,2012,1278674502,1827637590410.41
India,2013,1295829511,1856721507621.58
India,2014,1312277191,2039126479154.52
India,2015,1328024498,2103588360044.94
India,2016,1343944296,2294796885663.16
India,2017,1359657400,2651474262755.45
India,2018,1374659064,2702929641648.74
India,2019,1389030312,2835606256558.19
India,2020,1402617695,2674851578587.27
India,2021,1414203896,3167270623260.47
India,2022,1425423212,3249938492013.47
India,2023,1438069596,3500906030644.76
India,2024,1450935791,3760813470500.86
Indonesia,2010,246305322,755094157621.936
Indonesia,2011,249470032,892969104563.171
Indonesia,2012,252698525,917869913332.649
Indonesia,2013,255852467,912524136718.018
Indonesia,2014,258877399,890814755533.537
Indonesia,2015,261799249,860854232686.214
Indonesia,2016,264627418,931877364037.698
Indonesia,2017,267346658,1015618744159.73
Indonesia,2018,269951846,1042271532988.63
Indonesia,2019,272489381,1119099871350.2
Indonesia,2020,274814866,1059054842698.48
Indonesia,2021,276758053,1186509691086.73
Indonesia,2022,278830529,1319101183380.15
Indonesia,2023,281190067,1371166925749.88
Indonesia,2024,283487931,1396301788461.69
Mexico,2010,113623895,1105424238651.95
Mexico,2011,115243504,1229013703416.76
Mexico,2012,116818208,1255110424741.85
Mexico,2013,118343573,1327436290439.27
Mexico,2014,119784261,1364507717689.36
Mexico,2015,121072306,1213294467653.78
Mexico,2016,122251351,1112233497452.7
Mexico,2017,123400057,1190721475853.16
Mexico,2018,124573711,1256300182983.65
Mexico,2019,125762982,1304106204006.27
Mexico,2020,126799054,1121064767168.8
Mexico,2021,127648148,1316569466833.94
Mexico,2022,128613117,1466934724243.38
Mexico,2023,129739759,1794410347718.25
Mexico,2024,130861007,1830489311088.89
Philippines,2010,96337125,208368893151.144
Philippines,2011,98248614,234216730291.32
Philippines,2012,100175512,261920540962.63
Philippines,2013,102076336,283902828588.718
Philippines,2014,103767130,297483555338.044
Philippines,2015,105312992,306445871242.322
Philippines,2016,106735719,318627003016.731
Philippines,2017,108119693,328480736802.76
Philippines,2018,109465287,346841896587.313
Philippines,2019,110804683,376823402239.136
Philippines,2020,112081264,361751145451.597
Philippines,2021,113100950,394087359848.11
Philippines,2022,113964338,404353369604.631
Philippines,2023,114891199,437055627245.138
Philippines,2024,115843670,461671157904.74
SouthAfrica,2010,52344051,417363822801.713
SouthAfrica,2011,52995205,458199494830.834
SouthAfrica,2012,53782567,434400545085.811
SouthAfrica,2013,54678791,400886013595.573
SouthAfrica,2014,55594838,381198869776.106
SouthAfrica,2015,56723537,346709790458.563
SouthAfrica,2016,57259551,323585509674.481
SouthAfrica,2017,57635162,381448814653.456
SouthAfrica,2018,58613001,405260723892.517
SouthAfrica,2019,59587885,389330032224.269
SouthAfrica,2020,60562381,337974655408.055
SouthAfrica,2021,61502603,419986284375.368
SouthAfrica,2022,62378410,407596043067.885
SouthAfrica,2023,63212384,381440724491.232
SouthAfrica,2024,64007187,401144998373.585
