"country","iso2c","iso3c","year","gdp_growth","inflation","credit_gdp"
"Brazil","BR","BRA",2010,7.52822581815364,5.03872690108075,52.764657630443
"Brazil","BR","BRA",2011,3.97442307944702,6.6364496221309,58.0784911062018
"Brazil","BR","BRA",2012,1.92117598576537,5.40349914036997,62.5192932018235
"Brazil","BR","BRA",2013,3.00482266944432,6.20431066640101,64.2305738283777
"Brazil","BR","BRA",2014,0.503955740242247,6.32904015516139,66.028510394056
"Brazil","BR","BRA",2015,-3.54576339269425,9.02990102416136,66.8297006475728
"Brazil","BR","BRA",2016,-3.27591690782192,8.73914352329393,62.1940069633522
"Brazil","BR","BRA",2017,1.32286905404399,3.44637335032669,59.4843092973742
"Brazil","BR","BRA",2018,1.783666761634,3.66485028376729,60.2183479381776
"Brazil","BR","BRA",2019,1.22077782360842,3.73297621216894,62.790505078946
"Brazil","BR","BRA",2020,-3.2767587964736,3.21176803803376,68.6961548470609
"Brazil","BR","BRA",2021,4.76260437908608,8.30165975585673,68.8052246830253
"Brazil","BR","BRA",2022,3.01669435393015,9.28010608956873,70.6060973782971
"Brazil","BR","BRA",2023,3.24165532906981,4.59356282283204,71.0755405509113
"Brazil","BR","BRA",2024,3.41931516501906,4.36746407652337,75.6308730941359
"India","IN","IND",2010,8.49758470165625,11.9893899204245,50.5553749785224
"India","IN","IND",2011,5.24131620024293,8.9117933648336,51.2892331325447
"India","IN","IND",2012,5.45638755164772,9.47899691419793,51.8885076473464
"India","IN","IND",2013,6.38610640091713,10.0178784746104,52.385709516972
"India","IN","IND",2014,7.41022760516977,6.66565671867899,51.8821873589628
"India","IN","IND",2015,7.99625378567987,4.90697344127249,51.8675240772049
"India","IN","IND",2016,8.25630550176662,4.94821634062134,38.2036507912231
"India","IN","IND",2017,6.79538341902422,3.32817337461305,38.1707138624147
"India","IN","IND",2018,6.45385134495295,3.93882646691643,38.8975254010362
"India","IN","IND",2019,3.87143694070524,3.72950573539123,38.73794497616
"India","IN","IND",2020,-5.77772470687303,6.6234367762853,40.7867848551821
"India","IN","IND",2021,9.68959249191741,5.13140747176364,36.8920885102897
"India","IN","IND",2022,7.6093649776932,6.69903414079858,38.1859763563586
"India","IN","IND",2023,7.210224629335,5.64914318907925,40.8940758962907
"India","IN","IND",2024,7.09927893176518,4.95303550973661,41.6079694330613
"Indonesia","ID","IDN",2010,6.22385418062366,5.13420639015885,27.2530411349395
"Indonesia","ID","IDN",2011,6.16978420771008,5.35604849112582,30.0821993577662
"Indonesia","ID","IDN",2012,6.03005065305615,4.2795142691943,33.4341714348422
"Indonesia","ID","IDN",2013,5.5572636889101,6.41249457900391,36.0581396070456
"Indonesia","ID","IDN",2014,5.006668425755,6.39492882396559,36.4235451552096
"Indonesia","ID","IDN",2015,4.87632230022123,6.36312061196646,39.1187982955119
"Indonesia","ID","IDN",2016,5.03306918280177,3.52580452815451,39.4024246939414
"Indonesia","ID","IDN",2017,5.06978590134916,3.80879857691949,38.7323495613041
"Indonesia","ID","IDN",2018,5.17429153955024,3.19834755924996,38.8054496665639
"Indonesia","ID","IDN",2019,5.01928768046282,3.03058460941661,38.3726939516609
"Indonesia","ID","IDN",2020,-2.06551182934165,1.91983527270793,38.6795390891453
"Indonesia","ID","IDN",2021,3.70288562827751,1.56007882983334,36.9908270556254
"Indonesia","ID","IDN",2022,5.30719722664799,4.20946463714784,35.2884329632689
"Indonesia","ID","IDN",2023,5.04883117855516,3.66938654859761,36.0129512588691
"Indonesia","ID","IDN",2024,5.03257477088519,2.18151273615189,36.3924067095141
"Mexico","MX","MEX",2010,4.9713345832195,4.15672722680174,22.3237750273616
"Mexico","MX","MEX",2011,3.44404505297089,3.40737824605742,23.5848328387345
"Mexico","MX","MEX",2012,3.55321076010608,4.11150981070289,24.9270563825252
"Mexico","MX","MEX",2013,0.852101550164704,3.80639069747204,27.8590593255176
"Mexico","MX","MEX",2014,2.50376350783593,4.01861608078679,28.1836821060935
"Mexico","MX","MEX",2015,2.70232343024026,2.72064064964023,30.8304978690131
"Mexico","MX","MEX",2016,1.7724932254128,2.8217078474766,32.9508423866166
"Mexico","MX","MEX",2017,1.87172854648381,6.04145724018986,34.3431256738601
"Mexico","MX","MEX",2018,1.97208211101069,4.89935015356551,33.6152178109833
"Mexico","MX","MEX",2019,-0.392690513290532,3.63596142127046,35.5851864842603
"Mexico","MX","MEX",2020,-8.35403459379062,3.39683415570006,36.9325897654775
"Mexico","MX","MEX",2021,6.04848347173572,5.68920847683753,35.0570605465604
"Mexico","MX","MEX",2022,3.70975708309098,7.8962761916855,34.2487696122269
"Mexico","MX","MEX",2023,3.1067964131456,5.52796087314389,33.2256099210698
"Mexico","MX","MEX",2024,1.35057631384696,4.72225588452932,35.0748199517549
"Philippines","PH","PHL",2010,7.33449996034538,3.78983634797591,28.3324788107778
"Philippines","PH","PHL",2011,3.85823282795663,4.7184170471842,30.497639750655
"Philippines","PH","PHL",2012,6.89695171050985,3.02696391124796,31.9053759841345
"Philippines","PH","PHL",2013,6.75053130142255,2.58268766141795,34.3357279070115
"Philippines","PH","PHL",2014,6.34798748260867,3.59782343864211,37.5782838049623
"Philippines","PH","PHL",2015,6.34830971672761,0.674192536845408,39.9037835751424
"Philippines","PH","PHL",2016,7.14945675000752,1.25369880080982,42.8645179928199
"Philippines","PH","PHL",2017,6.9309883258402,2.85318772590947,45.6051977878358
"Philippines","PH","PHL",2018,6.34148557153473,5.30934661627707,47.5627907969006
"Philippines","PH","PHL",2019,6.11852566221303,2.39206534422404,47.9736686643137
"Philippines","PH","PHL",2020,-9.51829474045297,2.3931623931624,52.0356914003601
"Philippines","PH","PHL",2021,5.71473313185116,3.92718022100332,49.9413249106511
"Philippines","PH","PHL",2022,7.58098212785563,5.82115811213955,48.8730299164324
"Philippines","PH","PHL",2023,5.51894967856043,5.97802515541409,48.3110407107995
"Philippines","PH","PHL",2024,5.71474526128652,3.21260487006347,49.8449977717705
"South Africa","ZA","ZAF",2010,3.03973288127956,4.06749555950263,124.093899905646
"South Africa","ZA","ZAF",2011,3.16855627858818,5.0008533879502,118.970675992703
"South Africa","ZA","ZAF",2012,2.39623238465745,5.73797139141739,125.167785450237
"South Africa","ZA","ZAF",2013,2.48546800826588,5.78016910069176,127.029272479725
"South Africa","ZA","ZAF",2014,1.41382645223793,6.13282953059149,128.838374779653
"South Africa","ZA","ZAF",2015,1.32186223678229,4.51869094892506,127.203244242731
"South Africa","ZA","ZAF",2016,0.664552307858116,6.60290842394872,124.360496111764
"South Africa","ZA","ZAF",2017,1.15794695181735,5.18618655524149,127.030283858454
"South Africa","ZA","ZAF",2018,1.55678384721676,4.50987264867388,118.380857963487
"South Africa","ZA","ZAF",2019,0.25993557687633,4.10285075461156,117.185556861489
"South Africa","ZA","ZAF",2020,-6.1689177146757,3.23238831615113,109.054691372725
"South Africa","ZA","ZAF",2021,4.85864865060148,4.61874544887136,93.1963897397387
"South Africa","ZA","ZAF",2022,2.05813661692193,7.03987272546482,91.5697287634873
"South Africa","ZA","ZAF",2023,0.80610455095804,6.0752438457966,89.7117995863871
"South Africa","ZA","ZAF",2024,0.534843531905139,4.36115246518962,89.4476360173443
