country,year,month,disaster_count,disaster_count_noMMW,people_affected,economic_damage_000usd,total_deaths,n_flood,n_storm,n_drought,n_wildfire,n_extreme_temp,n_mass_movement_wet,disaster_dummy,disaster_dummy_noMMW
India,2010,1,1,1,0,0,100,0,0,0,0,1,0,1,1
India,2010,2,1,0,0,0,17,0,0,0,0,0,1,1,0
India,2010,3,1,1,0,0,250,0,0,0,0,1,0,1,1
India,2010,4,2,2,505000,0,142,0,2,0,0,0,0,1,1
India,2010,5,4,4,52080,0,125,1,3,0,0,0,0,1,1
India,2010,6,0,0,0,0,0,0,0,0,0,0,0,0,0
India,2010,7,2,2,400000,659963,64,2,0,0,0,0,0,1,1
India,2010,8,2,2,12725,0,221,1,1,0,0,0,0,1,1
India,2010,9,3,3,3309683,2480397,200,3,0,0,0,0,0,1,1
India,2010,10,1,1,0,0,22,0,1,0,0,0,0,1,1
India,2010,11,1,1,0,32481,203,1,0,0,0,0,0,1,1
India,2010,12,0,0,0,0,0,0,0,0,0,0,0,0,0
India,2011,1,1,1,0,0,80,0,0,0,0,1,0,1,1
India,2011,2,0,0,0,0,0,0,0,0,0,0,0,0,0
India,2011,3,0,0,0,0,0,0,0,0,0,0,0,0,0
India,2011,4,1,1,0,0,17,0,1,0,0,0,0,1,1
India,2011,5,1,1,50,0,42,0,1,0,0,0,0,1,1
India,2011,6,1,1,0,28625,50,1,0,0,0,0,0,1,1
India,2011,7,1,1,200000,0,19,1,0,0,0,0,0,1,1
India,2011,8,3,3,6260080,393592,258,3,0,0,0,0,0,1,1
India,2011,9,2,2,5543989,1949355,281,2,0,0,0,0,0,1,1
India,2011,10,0,0,0,0,0,0,0,0,0,0,0,0,0
India,2011,11,0,0,0,0,0,0,0,0,0,0,0,0,0
India,2011,12,2,2,250000,537611,179,0,1,0,0,1,0,1,1
India,2012,1,1,1,0,0,15,0,0,0,0,1,0,1,1
India,2012,2,0,0,0,0,0,0,0,0,0,0,0,0,0
India,2012,3,0,0,0,0,0,0,0,0,0,0,0,0,0
India,2012,4,0,0,0,0,0,0,0,0,0,0,0,0,0
India,2012,5,0,0,0,0,0,0,0,0,0,0,0,0,0
India,2012,6,1,1,2200000,0,120,1,0,0,0,0,0,1,1
India,2012,7,0,0,0,0,0,0,0,0,0,0,0,0,0
India,2012,8,3,3,48160,176681,93,3,0,0,0,0,0,1,1
India,2012,9,2,2,2000200,165463,66,2,0,0,0,0,0,1,1
India,2012,10,0,0,0,0,0,0,0,0,0,0,0,0,0
India,2012,11,1,1,70000,0,40,0,1,0,0,0,0,1,1
India,2012,12,1,1,0,0,249,0,0,0,0,1,0,1,1
India,2013,1,0,0,0,0,0,0,0,0,0,0,0,0,0
India,2013,2,0,0,0,0,0,0,0,0,0,0,0,0,0
India,2013,3,1,1,0,0,9,0,1,0,0,0,0,1,1
India,2013,4,1,1,0,0,557,0,0,0,0,1,0,1,1
India,2013,5,1,1,4,0,8,0,1,0,0,0,0,1,1
India,2013,6,2,2,2504473,1520182,6134,2,0,0,0,0,0,1,1
India,2013,7,1,1,500000,2764,174,1,0,0,0,0,0,1,1
India,2013,8,1,1,40000,0,73,1,0,0,0,0,0,1,1
India,2013,9,0,0,0,0,0,0,0,0,0,0,0,0,0
India,2013,10,3,3,13605000,1234763,151,1,2,0,0,0,0,1,1
India,2013,11,1,1,0,362080,10,0,1,0,0,0,0,1,1
India,2013,12,0,0,0,0,0,0,0,0,0,0,0,0,0
India,2014,1,1,1,0,0,24,0,0,0,0,1,0,1,1
India,2014,2,0,0,0,0,0,0,0,0,0,0,0,0,0
India,2014,3,2,2,11538,0,24,0,2,0,0,0,0,1,1
India,2014,4,1,1,0,0,27,0,1,0,0,0,0,1,1
India,2014,5,1,1,26,0,15,0,1,0,0,0,0,1,1
India,2014,6,1,1,18500,2720,27,1,0,0,0,0,0,1,1
India,2014,7,2,1,200,0,177,1,0,0,0,0,1,1,1
India,2014,8,3,3,4279000,407977,176,3,0,0,0,0,0,1,1
India,2014,9,2,2,925000,21980434,393,2,0,0,0,0,0,1,1
India,2014,10,1,1,920000,9519461,53,0,1,0,0,0,0,1,1
India,2014,11,0,0,0,0,0,0,0,0,0,0,0,0,0
India,2014,12,2,2,0,0,156,0,0,0,0,2,0,1,1
India,2015,1,1,1,330000000,4074935,0,0,0,1,0,0,0,1,1
India,2015,2,0,0,0,0,0,0,0,0,0,0,0,0,0
India,2015,3,2,2,2122,1333862,71,1,1,0,0,0,0,1,1
India,2015,4,2,2,135100,221405,101,0,2,0,0,0,0,1,1
India,2015,5,3,3,200,0,2279,1,1,0,0,1,0,1,1
India,2015,6,3,2,19000,820420,124,2,0,0,0,0,1,1,1
India,2015,7,3,3,13795137,0,318,3,0,0,0,0,0,1,1
India,2015,8,2,2,805000,0,23,2,0,0,0,0,0,1,1
India,2015,9,1,1,0,0,32,0,1,0,0,0,0,1,1
India,2015,10,1,1,0,0,29,0,1,0,0,0,0,1,1
India,2015,11,1,1,1801000,2988286,325,1,0,0,0,0,0,1,1
India,2015,12,0,0,0,0,0,0,0,0,0,0,0,0,0
India,2016,1,0,0,0,0,0,0,0,0,0,0,0,0,0
India,2016,2,2,1,0,0,17,0,0,0,1,0,1,1,1
India,2016,3,0,0,0,0,0,0,0,0,0,0,0,0,0
India,2016,4,2,2,100000,201208,318,1,0,0,0,1,0,1,1
India,2016,5,1,0,5,0,10,0,0,0,0,0,1,1,0
India,2016,6,3,3,0,134139,165,1,2,0,0,0,0,1,1
India,2016,7,4,4,3700000,885316,522,4,0,0,0,0,0,1,1
India,2016,8,1,1,3000,0,37,1,0,0,0,0,0,1,1
India,2016,9,1,1,3000,790078,28,1,0,0,0,0,0,1,1
India,2016,10,0,0,0,0,0,0,0,0,0,0,0,0,0
India,2016,11,0,0,0,0,0,0,0,0,0,0,0,0,0
India,2016,12,1,1,0,1341389,24,0,1,0,0,0,0,1,1
India,2017,1,1,0,0,0,28,0,0,0,0,0,1,1,0
India,2017,2,0,0,0,0,0,0,0,0,0,0,0,0,0
India,2017,3,1,1,60020,0,4,0,1,0,0,0,0,1,1
India,2017,4,1,1,0,0,264,0,0,0,0,1,0,1,1
India,2017,5,2,2,3220,0,29,0,2,0,0,0,0,1,1
India,2017,6,4,4,2355000,328353,396,4,0,0,0,0,0,1,1
India,2017,7,3,2,12843,0,45,1,1,0,0,0,1,1,1
India,2017,8,4,3,19900112,2452139,675,3,0,0,0,0,1,1,1
India,2017,9,0,0,0,0,0,0,0,0,0,0,0,0,0
India,2017,10,1,1,4000,0,21,1,0,0,0,0,0,1,1
India,2017,11,0,0,0,0,0,0,0,0,0,0,0,0,0
India,2017,12,1,1,60000,0,884,0,1,0,0,0,0,1,1
India,2018,1,1,1,0,0,44,0,0,0,0,1,0,1,1
India,2018,2,0,0,0,0,0,0,0,0,0,0,0,0,0
India,2018,3,1,1,0,0,17,0,0,0,1,0,0,1,1
India,2018,4,2,2,22250,256420,60,0,2,0,0,0,0,1,1
India,2018,5,6,6,37873,142953,351,2,4,0,0,0,0,1,1
India,2018,6,3,3,0,64105,155,1,2,0,0,0,0,1,1
India,2018,7,2,2,42975,0,53,2,0,0,0,0,0,1,1
India,2018,8,2,2,23245000,3657154,507,2,0,0,0,0,0,1,1
India,2018,9,3,3,8203050,1410306,71,2,0,1,0,0,0,1,1
India,2018,10,1,1,300200,1179529,85,0,1,0,0,0,0,1,1
India,2018,11,1,1,500000,993625,45,0,1,0,0,0,0,1,1
India,2018,12,1,1,10000,128210,8,0,1,0,0,0,0,1,1
India,2019,1,0,0,0,0,0,0,0,0,0,0,0,0,0
India,2019,2,0,0,0,0,0,0,0,0,0,0,0,0,0
India,2019,3,0,0,0,0,0,0,0,0,0,0,0,0,0
India,2019,4,1,1,0,0,50,0,1,0,0,0,0,1,1
India,2019,5,1,1,20000000,2279287,50,0,1,0,0,0,0,1,1
India,2019,6,5,5,510,0,224,1,2,0,0,2,0,1,1
India,2019,7,1,1,3000000,12592748,1900,1,0,0,0,0,0,1,1
India,2019,8,1,1,17500,0,32,1,0,0,0,0,0,1,1
India,2019,9,0,0,0,0,0,0,0,0,0,0,0,0,0
India,2019,10,1,1,27500,0,12,1,0,0,0,0,0,1,1
India,2019,11,2,2,155000,0,39,1,1,0,0,0,0,1,1
India,2019,12,0,0,0,0,0,0,0,0,0,0,0,0,0
India,2020,1,1,1,0,0,11,0,1,0,0,0,0,1,1
India,2020,2,0,0,0,0,0,0,0,0,0,0,0,0,0
India,2020,3,0,0,0,0,0,0,0,0,0,0,0,0,0
India,2020,4,0,0,0,0,0,0,0,0,0,0,0,0,0
India,2020,5,4,3,18185852,16805492,141,2,1,0,0,0,1,1,1
India,2020,6,3,3,1312500,10349497,1928,2,1,0,0,0,0,1,1
India,2020,7,0,0,0,0,0,0,0,0,0,0,0,0,0
India,2020,8,1,0,0,0,70,0,0,0,0,0,1,1,0
India,2020,9,0,0,0,0,0,0,0,0,0,0,0,0,0
India,2020,10,1,1,150000,4975720,152,1,0,0,0,0,0,1,1
India,2020,11,1,1,0,746358,14,0,1,0,0,0,0,1,1
India,2020,12,0,0,0,0,0,0,0,0,0,0,0,0,0
India,2021,1,0,0,0,0,0,0,0,0,0,0,0,0,0
India,2021,2,1,1,0,249504,234,0,0,0,0,0,0,1,1
India,2021,3,0,0,0,0,0,0,0,0,0,0,0,0,0
India,2021,4,1,1,24,0,16,0,0,0,0,0,0,1,1
India,2021,5,2,2,2325153,5227703,217,0,2,0,0,0,0,1,1
India,2021,6,2,2,376000,3801965,1341,2,0,0,0,0,0,1,1
India,2021,7,3,2,7709,0,70,2,0,0,0,0,1,1,1
India,2021,8,1,0,13,0,35,0,0,0,0,0,1,1,0
India,2021,9,2,2,850000,0,27,1,1,0,0,0,0,1,1
India,2021,10,3,3,184352,0,103,2,1,0,0,0,0,1,1
India,2021,11,2,2,85500,0,76,2,0,0,0,0,0,1,1
India,2021,12,1,1,2050,0,5,0,1,0,0,0,0,1,1
India,2022,1,0,0,0,0,0,0,0,0,0,0,0,0,0
India,2022,2,0,0,0,0,0,0,0,0,0,0,0,0,0
India,2022,3,1,1,0,0,25,0,0,0,0,1,0,1,1
India,2022,4,1,1,95000,0,20,0,1,0,0,0,0,1,1
India,2022,5,1,1,1301260,4620325,2035,1,0,0,0,0,0,1,1
India,2022,6,1,0,0,0,67,0,0,0,0,0,1,1,0
India,2022,7,0,0,0,0,0,0,0,0,0,0,0,0,0
India,2022,8,1,1,800000,0,63,1,0,0,0,0,0,1,1
India,2022,9,1,1,0,0,0,1,0,0,0,0,0,1,1
India,2022,10,0,0,0,0,0,0,0,0,0,0,0,0,0
India,2022,11,0,0,0,0,0,0,0,0,0,0,0,0,0
India,2022,12,1,1,0,0,0,0,1,0,0,0,0,1,1
India,2023,1,0,0,0,0,0,0,0,0,0,0,0,0,0
India,2023,2,0,0,0,0,0,0,0,0,0,0,0,0,0
India,2023,3,1,1,14,0,16,0,1,0,0,0,0,1,1
India,2023,4,2,2,790,0,190,0,0,0,0,2,0,1,1
India,2023,5,1,1,1000,0,0,0,1,0,0,0,0,1,1
India,2023,6,4,4,10760005,3170,1598,3,1,0,0,0,0,1,1
India,2023,7,2,1,200,0,51,1,0,0,0,0,1,1,1
India,2023,8,2,0,607,0,36,0,0,0,0,0,2,1,0
India,2023,9,1,1,1074,0,12,0,1,0,0,0,0,1,1
India,2023,10,1,1,88400,0,178,0,0,0,0,0,0,1,1
India,2023,11,1,1,25,0,24,0,1,0,0,0,0,1,1
India,2023,12,2,2,4390000,132073,30,1,1,0,0,0,0,1,1
India,2024,1,0,0,0,0,0,0,0,0,0,0,0,0,0
India,2024,2,0,0,0,0,0,0,0,0,0,0,0,0,0
India,2024,3,2,2,47932,0,737,0,1,0,0,1,0,1,1
India,2024,4,0,0,0,0,0,0,0,0,0,0,0,0,0
India,2024,5,4,4,4286718,0,116,1,3,0,0,0,0,1,1
India,2024,6,0,0,0,0,0,0,0,0,0,0,0,0,0
India,2024,7,3,2,1003111,143684,549,2,0,0,0,0,1,1,1
India,2024,8,3,2,9707263,0,61,2,0,0,0,0,1,1,1
India,2024,9,0,0,0,0,0,0,0,0,0,0,0,0,0
India,2024,10,2,2,3810012,75229,24,1,1,0,0,0,0,1,1
India,2024,11,0,0,0,0,0,0,0,0,0,0,0,0,0
India,2024,12,1,1,0,0,20,0,1,0,0,0,0,1,1
Philippines,2010,1,3,2,56605,147,5,2,0,0,0,0,1,1,1
Philippines,2010,2,0,0,0,0,0,0,0,0,0,0,0,0,0
Philippines,2010,3,0,0,0,0,0,0,0,0,0,0,0,0,0
Philippines,2010,4,0,0,0,0,0,0,0,0,0,0,0,0,0
Philippines,2010,5,1,1,40000,0,27,1,0,0,0,0,0,1,1
Philippines,2010,6,1,1,200000,0,0,1,0,0,0,0,0,1,1
Philippines,2010,7,2,2,666394,12808,146,1,1,0,0,0,0,1,1
Philippines,2010,8,2,2,1550,0,31,1,1,0,0,0,0,1,1
Philippines,2010,9,1,1,46713,4660,6,1,0,0,0,0,0,1,1
Philippines,2010,10,1,1,2009026,407117,35,0,1,0,0,0,0,1,1
Philippines,2010,11,1,1,450673,0,16,1,0,0,0,0,0,1,1
Philippines,2010,12,1,1,1972446,69999,110,1,0,0,0,0,0,1,1
Philippines,2011,1,1,1,638418,17763,23,1,0,0,0,0,0,1,1
Philippines,2011,2,1,1,2000,0,11,1,0,0,0,0,0,1,1
Philippines,2011,3,2,2,242648,401,18,2,0,0,0,0,0,1,1
Philippines,2011,4,1,0,574,0,24,0,0,0,0,0,1,1,0
Philippines,2011,5,4,4,1852638,60622,49,2,2,0,0,0,0,1,1
Philippines,2011,6,4,4,1822246,18778,60,1,3,0,0,0,0,1,1
Philippines,2011,7,3,2,1108698,90538,89,1,1,0,0,0,1,1,1
Philippines,2011,8,4,3,414023,49393,54,1,2,0,0,0,1,1,1
Philippines,2011,9,2,2,3031120,492761,103,1,1,0,0,0,0,1,1
Philippines,2011,10,3,3,1189598,3800,36,1,2,0,0,0,0,1,1
Philippines,2011,11,2,2,24801,256284,5,2,0,0,0,0,0,1,1
Philippines,2011,12,3,3,1361629,54505,1461,2,1,0,0,0,0,1,1
Philippines,2012,1,2,1,88593,0,79,1,0,0,0,0,1,1,1
Philippines,2012,2,2,2,25569,0,0,2,0,0,0,0,0,1,1
Philippines,2012,3,1,1,4835,2804,11,1,0,0,0,0,0,1,1
Philippines,2012,4,0,0,0,0,0,0,0,0,0,0,0,0,0
Philippines,2012,5,0,0,0,0,0,0,0,0,0,0,0,0,0
Philippines,2012,6,3,3,43929,1402,30,3,0,0,0,0,0,1,1
Philippines,2012,7,1,1,949086,13771,58,0,1,0,0,0,0,1,1
Philippines,2012,8,3,3,4457332,105769,127,1,2,0,0,0,0,1,1
Philippines,2012,9,2,2,9155,0,5,0,2,0,0,0,0,1,1
Philippines,2012,10,2,2,108362,1878,36,0,2,0,0,0,0,1,1
Philippines,2012,11,0,0,0,0,0,0,0,0,0,0,0,0,0
Philippines,2012,12,2,2,6488270,1267443,1925,0,2,0,0,0,0,1,1
Philippines,2013,1,2,2,518366,3870,11,1,1,0,0,0,0,1,1
Philippines,2013,2,1,1,262884,2322,6,0,1,0,0,0,0,1,1
Philippines,2013,3,0,0,0,0,0,0,0,0,0,0,0,0,0
Philippines,2013,4,0,0,0,0,0,0,0,0,0,0,0,0,0
Philippines,2013,5,0,0,0,0,0,0,0,0,0,0,0,0,0
Philippines,2013,6,1,1,3596,1382,7,0,1,0,0,0,0,1,1
Philippines,2013,7,0,0,0,0,0,0,0,0,0,0,0,0,0
Philippines,2013,8,3,3,3592173,3121115,60,2,1,0,0,0,0,1,1
Philippines,2013,9,2,2,660851,5528,38,1,1,0,0,0,0,1,1
Philippines,2013,10,3,3,1300169,142952,44,1,2,0,0,0,0,1,1
Philippines,2013,11,1,1,16106870,13819840,7354,0,1,0,0,0,0,1,1
Philippines,2013,12,0,0,0,0,0,0,0,0,0,0,0,0,0
Philippines,2014,1,2,2,1196447,21475,85,0,2,0,0,0,0,1,1
Philippines,2014,2,0,0,0,0,0,0,0,0,0,0,0,0,0
Philippines,2014,3,0,0,0,0,0,0,0,0,0,0,0,0,0
Philippines,2014,4,0,0,0,0,0,0,0,0,0,0,0,0,0
Philippines,2014,5,0,0,0,0,0,0,0,0,0,0,0,0,0
Philippines,2014,6,1,1,99185,1076,0,1,0,0,0,0,0,1,1
Philippines,2014,7,2,2,4655649,1115920,113,0,2,0,0,0,0,1,1
Philippines,2014,8,2,2,45945,0,5,2,0,0,0,0,0,1,1
Philippines,2014,9,2,2,2483243,129146,26,0,2,0,0,0,0,1,1
Philippines,2014,10,0,0,0,0,0,0,0,0,0,0,0,0,0
Philippines,2014,11,1,1,4695,0,12,0,1,0,0,0,0,1,1
Philippines,2014,12,2,2,4728949,178919,90,0,2,0,0,0,0,1,1
Philippines,2015,1,1,1,21687,1358,2,0,1,0,0,0,0,1,1
Philippines,2015,2,0,0,0,0,0,0,0,0,0,0,0,0,0
Philippines,2015,3,0,0,0,0,0,0,0,0,0,0,0,0,0
Philippines,2015,4,1,1,2761,0,0,0,1,0,0,0,0,1,1
Philippines,2015,5,1,1,523,473,2,0,1,0,0,0,0,1,1
Philippines,2015,6,0,0,0,0,0,0,0,0,0,0,0,0,0
Philippines,2015,7,6,6,300096,2040753,49,4,2,0,0,0,0,1,1
Philippines,2015,8,4,4,504793,155795,49,1,2,1,0,0,0,1,1
Philippines,2015,9,0,0,0,0,0,0,0,0,0,0,0,0,0
Philippines,2015,10,2,2,2902090,288349,53,0,2,0,0,0,0,1,1
Philippines,2015,11,0,0,0,0,0,0,0,0,0,0,0,0,0
Philippines,2015,12,1,1,287251,183667,46,0,1,0,0,0,0,1,1
Philippines,2016,1,0,0,0,0,0,0,0,0,0,0,0,0,0
Philippines,2016,2,0,0,0,0,0,0,0,0,0,0,0,0,0
Philippines,2016,3,0,0,0,0,0,0,0,0,0,0,0,0,0
Philippines,2016,4,0,0,0,0,0,0,0,0,0,0,0,0,0
Philippines,2016,5,0,0,0,0,0,0,0,0,0,0,0,0,0
Philippines,2016,6,0,0,0,0,0,0,0,0,0,0,0,0,0
Philippines,2016,7,2,2,12168,0,2,0,2,0,0,0,0,1,1
Philippines,2016,8,2,2,2563098,12502,45,2,0,0,0,0,0,1,1
Philippines,2016,9,2,2,18207,6590,0,0,2,0,0,0,0,1,1
Philippines,2016,10,2,2,1033424,83408,8,0,2,0,0,0,0,1,1
Philippines,2016,11,1,1,14309,0,0,0,1,0,0,0,0,1,1
Philippines,2016,12,1,1,1893404,139050,24,0,1,0,0,0,0,1,1
Philippines,2017,1,1,1,1500000,10639,9,1,0,0,0,0,0,1,1
Philippines,2017,2,1,1,334000,0,13,1,0,0,0,0,0,1,1
Philippines,2017,3,0,0,0,0,0,0,0,0,0,0,0,0,0
Philippines,2017,4,1,1,860,2627,10,0,1,0,0,0,0,1,1
Philippines,2017,5,0,0,0,0,0,0,0,0,0,0,0,0,0
Philippines,2017,6,0,0,0,0,0,0,0,0,0,0,0,0,0
Philippines,2017,7,1,1,7339,230,0,0,1,0,0,0,0,1,1
Philippines,2017,8,1,1,3400,0,0,0,1,0,0,0,0,1,1
Philippines,2017,9,2,2,17110,6961,26,1,1,0,0,0,0,1,1
Philippines,2017,10,1,1,163349,4466,9,0,1,0,0,0,0,1,1
Philippines,2017,11,1,1,305,0,6,0,1,0,0,0,0,1,1
Philippines,2017,12,2,2,2785085,160107,149,0,2,0,0,0,0,1,1
Philippines,2018,1,2,2,263917,15760,14,1,1,0,0,0,0,1,1
Philippines,2018,2,1,1,254859,3936,0,0,1,0,0,0,0,1,1
Philippines,2018,3,0,0,0,0,0,0,0,0,0,0,0,0,0
Philippines,2018,4,0,0,0,0,0,0,0,0,0,0,0,0,0
Philippines,2018,5,0,0,0,0,0,0,0,0,0,0,0,0,0
Philippines,2018,6,0,0,0,0,0,0,0,0,0,0,0,0,0
Philippines,2018,7,1,1,2231101,112824,16,0,1,0,0,0,0,1,1
Philippines,2018,8,0,0,0,0,0,0,0,0,0,0,0,0,0
Philippines,2018,9,2,2,5509649,65429,89,0,2,0,0,0,0,1,1
Philippines,2018,10,1,1,253300,391039,12,0,1,0,0,0,0,1,1
Philippines,2018,11,0,0,0,0,0,0,0,0,0,0,0,0,0
Philippines,2018,12,1,1,1016063,136868,182,0,1,0,0,0,0,1,1
Philippines,2019,1,1,1,13160,0,0,0,1,0,0,0,0,1,1
Philippines,2019,2,0,0,0,0,0,0,0,0,0,0,0,0,0
Philippines,2019,3,1,1,16000,32237,0,0,0,1,0,0,0,1,1
Philippines,2019,4,0,0,0,0,0,0,0,0,0,0,0,0,0
Philippines,2019,5,0,0,0,0,0,0,0,0,0,0,0,0,0
Philippines,2019,6,1,1,45000,0,0,1,0,0,0,0,0,1,1
Philippines,2019,7,1,1,2000,475301,4,0,1,0,0,0,0,1,1
Philippines,2019,8,1,1,61502,0,2,0,1,0,0,0,0,1,1
Philippines,2019,9,0,0,0,0,0,0,0,0,0,0,0,0,0
Philippines,2019,10,0,0,0,0,0,0,0,0,0,0,0,0,0
Philippines,2019,11,2,2,3673,45334,19,0,2,0,0,0,0,1,1
Philippines,2019,12,2,2,5944804,157249,67,0,2,0,0,0,0,1,1
Philippines,2020,1,0,0,0,0,0,0,0,0,0,0,0,0,0
Philippines,2020,2,0,0,0,0,0,0,0,0,0,0,0,0,0
Philippines,2020,3,0,0,0,0,0,0,0,0,0,0,0,0,0
Philippines,2020,4,0,0,0,0,0,0,0,0,0,0,0,0,0
Philippines,2020,5,1,1,578740,38686,5,0,1,0,0,0,0,1,1
Philippines,2020,6,0,0,0,0,0,0,0,0,0,0,0,0,0
Philippines,2020,7,0,0,0,0,0,0,0,0,0,0,0,0,0
Philippines,2020,8,0,0,0,0,0,0,0,0,0,0,0,0,0
Philippines,2020,9,0,0,0,0,0,0,0,0,0,0,0,0,0
Philippines,2020,10,3,3,4245059,734641,65,0,3,0,0,0,0,1,1
Philippines,2020,11,1,1,514909,523694,111,0,1,0,0,0,0,1,1
Philippines,2020,12,2,1,36043,2852,19,0,1,0,0,0,1,1,1
Philippines,2021,1,3,3,337570,29703,10,2,1,0,0,0,0,1,1
Philippines,2021,2,2,2,290623,3700,6,1,1,0,0,0,0,1,1
Philippines,2021,3,0,0,0,0,0,0,0,0,0,0,0,0,0
Philippines,2021,4,2,2,18280,23762,9,1,1,0,0,0,0,1,1
Philippines,2021,5,0,0,0,0,0,0,0,0,0,0,0,0,0
Philippines,2021,6,1,1,21000,13069,11,0,1,0,0,0,0,1,1
Philippines,2021,7,0,0,0,0,0,0,0,0,0,0,0,0,0
Philippines,2021,8,0,0,0,0,0,0,0,0,0,0,0,0,0
Philippines,2021,9,1,1,313397,0,17,0,1,0,0,0,0,1,1
Philippines,2021,10,3,3,1172753,90118,62,1,2,0,0,0,0,1,1
Philippines,2021,11,0,0,0,0,0,0,0,0,0,0,0,0,0
Philippines,2021,12,1,1,10608996,1087447,457,0,1,0,0,0,0,1,1
Philippines,2022,1,0,0,0,0,0,0,0,0,0,0,0,0,0
Philippines,2022,2,0,0,0,0,0,0,0,0,0,0,0,0,0
Philippines,2022,3,0,0,0,0,0,0,0,0,0,0,0,0,0
Philippines,2022,4,2,2,2300743,45715,349,1,1,0,0,0,0,1,1
Philippines,2022,5,0,0,0,0,0,0,0,0,0,0,0,0,0
Philippines,2022,6,0,0,0,0,0,0,0,0,0,0,0,0,0
Philippines,2022,7,0,0,0,0,0,0,0,0,0,0,0,0,0
Philippines,2022,8,1,1,7616,0,0,0,1,0,0,0,0,1,1
Philippines,2022,9,1,1,913945,62645,17,0,1,0,0,0,0,1,1
Philippines,2022,10,4,3,3445605,69930,163,0,3,0,0,0,1,1,1
Philippines,2022,11,0,0,0,0,0,0,0,0,0,0,0,0,0
Philippines,2022,12,1,1,600016,12101,70,1,0,0,0,0,0,1,1
Philippines,2023,1,1,1,2143358,32090,52,1,0,0,0,0,0,1,1
Philippines,2023,2,2,2,247764,10566,17,2,0,0,0,0,0,1,1
Philippines,2023,3,0,0,0,0,0,0,0,0,0,0,0,0,0
Philippines,2023,4,1,1,136149,235,0,0,1,0,0,0,0,1,1
Philippines,2023,5,1,1,30501,0,1,0,1,0,0,0,0,1,1
Philippines,2023,6,0,0,0,0,0,0,0,0,0,0,0,0,0
Philippines,2023,7,2,2,5385687,300340,41,0,2,0,0,0,0,1,1
Philippines,2023,8,1,1,900003,34867,4,0,1,0,0,0,0,1,1
Philippines,2023,9,0,0,0,0,0,0,0,0,0,0,0,0,0
Philippines,2023,10,1,1,275,0,0,0,1,0,0,0,0,1,1
Philippines,2023,11,1,1,1157488,2282,2,1,0,0,0,0,0,1,1
Philippines,2023,12,1,1,425867,44,1,0,1,0,0,0,0,1,1
Philippines,2024,1,2,1,2795364,97612,43,1,0,0,0,0,1,1,1
Philippines,2024,2,1,0,1400032,51316,128,0,0,0,0,0,1,1,0
Philippines,2024,3,0,0,0,0,0,0,0,0,0,0,0,0,0
Philippines,2024,4,1,1,34,0,0,0,0,0,0,1,0,1,1
Philippines,2024,5,1,1,52008,20526,6,0,1,0,0,0,0,1,1
Philippines,2024,6,0,0,0,0,0,0,0,0,0,0,0,0,0
Philippines,2024,7,1,1,6498934,216552,53,0,1,0,0,0,0,1,1
Philippines,2024,8,0,0,0,0,0,0,0,0,0,0,0,0,0
Philippines,2024,9,4,4,3517054,45157,87,0,4,0,0,0,0,1,1
Philippines,2024,10,2,2,9652739,382815,181,0,2,0,0,0,0,1,1
Philippines,2024,11,3,3,4652017,123157,16,0,3,0,0,0,0,1,1
Philippines,2024,12,0,0,0,0,0,0,0,0,0,0,0,0,0
Indonesia,2010,1,2,2,28855,0,15,2,0,0,0,0,0,1,1
Indonesia,2010,2,1,1,100,0,44,1,0,0,0,0,0,1,1
Indonesia,2010,3,0,0,0,0,0,0,0,0,0,0,0,0,0
Indonesia,2010,4,0,0,0,0,0,0,0,0,0,0,0,0,0
Indonesia,2010,5,0,0,0,0,0,0,0,0,0,0,0,0,0
Indonesia,2010,6,0,0,0,0,0,0,0,0,0,0,0,0,0
Indonesia,2010,7,1,1,15007,0,21,1,0,0,0,0,0,1,1
Indonesia,2010,8,0,0,0,0,0,0,0,0,0,0,0,0,0
Indonesia,2010,9,1,1,0,0,24,1,0,0,0,0,0,1,1
Indonesia,2010,10,2,1,12446,115161,304,1,0,0,0,0,1,1,1
Indonesia,2010,11,1,1,200,0,16,1,0,0,0,0,0,1,1
Indonesia,2010,12,0,0,0,0,0,0,0,0,0,0,0,0,0
Indonesia,2011,1,1,1,12000,0,0,1,0,0,0,0,0,1,1
Indonesia,2011,2,1,1,1060,0,0,1,0,0,0,0,0,1,1
Indonesia,2011,3,2,2,3750,0,34,2,0,0,0,0,0,1,1
Indonesia,2011,4,1,1,3000,0,18,1,0,0,0,0,0,1,1
Indonesia,2011,5,1,0,4,0,19,0,0,0,0,0,1,1,0
Indonesia,2011,6,0,0,0,0,0,0,0,0,0,0,0,0,0
Indonesia,2011,7,0,0,0,0,0,0,0,0,0,0,0,0,0
Indonesia,2011,8,0,0,0,0,0,0,0,0,0,0,0,0,0
Indonesia,2011,9,0,0,0,0,0,0,0,0,0,0,0,0,0
Indonesia,2011,10,0,0,0,0,0,0,0,0,0,0,0,0,0
Indonesia,2011,11,1,0,0,0,34,0,0,0,0,0,1,1,0
Indonesia,2011,12,1,1,54,0,10,1,0,0,0,0,0,1,1
Indonesia,2012,1,1,1,10060,1402,16,0,1,0,0,0,0,1,1
Indonesia,2012,2,1,1,490,0,5,0,1,0,0,0,0,1,1
Indonesia,2012,3,0,0,0,0,0,0,0,0,0,0,0,0,0
Indonesia,2012,4,0,0,0,0,0,0,0,0,0,0,0,0,0
Indonesia,2012,5,3,1,1235,0,37,1,0,0,0,0,2,1,1
Indonesia,2012,6,0,0,0,0,0,0,0,0,0,0,0,0,0
Indonesia,2012,7,2,2,4395,0,16,2,0,0,0,0,0,1,1
Indonesia,2012,8,1,1,1045,0,4,1,0,0,0,0,0,1,1
Indonesia,2012,9,1,1,1150,0,0,1,0,0,0,0,0,1,1
Indonesia,2012,10,0,0,0,0,0,0,0,0,0,0,0,0,0
Indonesia,2012,11,1,1,15210,0,13,1,0,0,0,0,0,1,1
Indonesia,2012,12,1,1,10500,0,3,1,0,0,0,0,0,1,1
Indonesia,2013,1,3,2,249849,4145952,63,2,0,0,0,0,1,1,1
Indonesia,2013,2,2,2,71900,2764,20,2,0,0,0,0,0,1,1
Indonesia,2013,3,1,0,0,0,13,0,0,0,0,0,1,1,0
Indonesia,2013,4,1,1,115000,0,11,1,0,0,0,0,0,1,1
Indonesia,2013,5,0,0,0,0,0,0,0,0,0,0,0,0,0
Indonesia,2013,6,0,0,0,0,0,0,0,0,0,0,0,0,0
Indonesia,2013,7,1,1,8140,0,12,1,0,0,0,0,0,1,1
Indonesia,2013,8,0,0,0,0,0,0,0,0,0,0,0,0,0
Indonesia,2013,9,1,1,23640,0,0,1,0,0,0,0,0,1,1
Indonesia,2013,10,1,1,16000,0,0,1,0,0,0,0,0,1,1
Indonesia,2013,11,0,0,0,0,0,0,0,0,0,0,0,0,0
Indonesia,2013,12,2,2,106750,5528,4,2,0,0,0,0,0,1,1
Indonesia,2014,1,5,4,412532,1262009,82,4,0,0,0,0,1,1,1
Indonesia,2014,2,1,1,275,0,13,1,0,0,0,0,0,1,1
Indonesia,2014,3,0,0,0,0,0,0,0,0,0,0,0,0,0
Indonesia,2014,4,0,0,0,0,0,0,0,0,0,0,0,0,0
Indonesia,2014,5,0,0,0,0,0,0,0,0,0,0,0,0,0
Indonesia,2014,6,0,0,0,0,0,0,0,0,0,0,0,0,0
Indonesia,2014,7,0,0,0,0,0,0,0,0,0,0,0,0,0
Indonesia,2014,8,0,0,0,0,0,0,0,0,0,0,0,0,0
Indonesia,2014,9,0,0,0,0,0,0,0,0,0,0,0,0,0
Indonesia,2014,10,0,0,0,0,0,0,0,0,0,0,0,0,0
Indonesia,2014,11,1,1,10420,0,1,1,0,0,0,0,0,1,1
Indonesia,2014,12,1,0,3900,0,108,0,0,0,0,0,1,1,0
Indonesia,2015,1,2,2,33259,0,3,2,0,0,0,0,0,1,1
Indonesia,2015,2,2,2,300,319203,6,2,0,0,0,0,0,1,1
Indonesia,2015,3,2,1,8055,0,12,1,0,0,0,0,1,1,1
Indonesia,2015,4,0,0,0,0,0,0,0,0,0,0,0,0,0
Indonesia,2015,5,1,0,0,0,13,0,0,0,0,0,1,1,0
Indonesia,2015,6,0,0,0,0,0,0,0,0,0,0,0,0,0
Indonesia,2015,7,2,2,25750,0,11,1,0,1,0,0,0,1,1
Indonesia,2015,8,0,0,0,0,0,0,0,0,0,0,0,0,0
Indonesia,2015,9,1,1,409664,1358312,19,0,0,0,1,0,0,1,1
Indonesia,2015,10,0,0,0,0,0,0,0,0,0,0,0,0,0
Indonesia,2015,11,0,0,0,0,0,0,0,0,0,0,0,0,0
Indonesia,2015,12,1,0,105,0,20,0,0,0,0,0,1,1,0
Indonesia,2016,1,0,0,0,0,0,0,0,0,0,0,0,0,0
Indonesia,2016,2,2,2,110313,2683,8,2,0,0,0,0,0,1,1
Indonesia,2016,3,2,2,36500,0,11,2,0,0,0,0,0,1,1
Indonesia,2016,4,0,0,0,0,0,0,0,0,0,0,0,0,0
Indonesia,2016,5,1,0,0,0,15,0,0,0,0,0,1,1,0
Indonesia,2016,6,1,0,0,33535,62,0,0,0,0,0,1,1,0
Indonesia,2016,7,1,1,1354,0,0,1,0,0,0,0,0,1,1
Indonesia,2016,8,0,0,0,0,0,0,0,0,0,0,0,0,0
Indonesia,2016,9,1,1,8920,29511,53,1,0,0,0,0,0,1,1
Indonesia,2016,10,1,1,4500,0,2,1,0,0,0,0,0,1,1
Indonesia,2016,11,2,2,124669,13414,15,2,0,0,0,0,0,1,1
Indonesia,2016,12,1,1,105753,99263,0,1,0,0,0,0,0,1,1
Indonesia,2017,1,0,0,0,0,0,0,0,0,0,0,0,0,0
Indonesia,2017,2,2,1,50900,2627,14,1,0,0,0,0,1,1,1
Indonesia,2017,3,1,1,17410,24955,8,1,0,0,0,0,0,1,1
Indonesia,2017,4,2,1,536,14448,40,1,0,0,0,0,1,1,1
Indonesia,2017,5,1,1,25011,2627,7,1,0,0,0,0,0,1,1
Indonesia,2017,6,1,1,282420,0,4,1,0,0,0,0,0,1,1
Indonesia,2017,7,0,0,0,0,0,0,0,0,0,0,0,0,0
Indonesia,2017,8,0,0,0,0,0,0,0,0,0,0,0,0,0
Indonesia,2017,9,0,0,0,0,0,0,0,0,0,0,0,0,0
Indonesia,2017,10,0,0,0,0,0,0,0,0,0,0,0,0,0
Indonesia,2017,11,3,3,16315,0,22,2,1,0,0,0,0,1,1
Indonesia,2017,12,0,0,0,0,0,0,0,0,0,0,0,0,0
Indonesia,2018,1,0,0,0,0,0,0,0,0,0,0,0,0,0
Indonesia,2018,2,2,1,150014,0,35,1,0,0,0,0,1,1,1
Indonesia,2018,3,2,2,15001,0,3,2,0,0,0,0,0,1,1
Indonesia,2018,4,0,0,0,0,0,0,0,0,0,0,0,0,0
Indonesia,2018,5,0,0,0,0,0,0,0,0,0,0,0,0,0
Indonesia,2018,6,0,0,0,0,0,0,0,0,0,0,0,0,0
Indonesia,2018,7,0,0,0,0,0,0,0,0,0,0,0,0,0
Indonesia,2018,8,0,0,0,0,0,0,0,0,0,0,0,0,0
Indonesia,2018,9,0,0,0,0,0,0,0,0,0,0,0,0,0
Indonesia,2018,10,1,1,20000,0,35,1,0,0,0,0,0,1,1
Indonesia,2018,11,1,1,3000,0,13,1,0,0,0,0,0,1,1
Indonesia,2018,12,2,1,5463,0,42,1,0,0,0,0,1,1,1
Indonesia,2019,1,2,1,9293,0,86,1,0,0,0,0,1,1,1
Indonesia,2019,2,1,1,0,0,0,0,0,0,1,0,0,1,1
Indonesia,2019,3,3,2,228797,129705,220,2,0,0,0,0,1,1,1
Indonesia,2019,4,2,2,15260,18889,20,2,0,0,0,0,0,1,1
Indonesia,2019,5,0,0,0,0,0,0,0,0,0,0,0,0,0
Indonesia,2019,6,2,2,107495,0,3,2,0,0,0,0,0,1,1
Indonesia,2019,7,0,0,0,0,0,0,0,0,0,0,0,0,0
Indonesia,2019,8,0,0,0,0,0,0,0,0,0,0,0,0,0
Indonesia,2019,9,0,0,0,0,0,0,0,0,0,0,0,0,0
Indonesia,2019,10,1,1,9435,0,0,1,0,0,0,0,0,1,1
Indonesia,2019,11,0,0,0,0,0,0,0,0,0,0,0,0,0
Indonesia,2019,12,3,3,566110,1511130,86,3,0,0,0,0,0,1,1
Indonesia,2020,1,4,4,84335,0,29,4,0,0,0,0,0,1,1
Indonesia,2020,2,3,3,237905,12439,16,3,0,0,0,0,0,1,1
Indonesia,2020,3,3,3,181097,8956,3,3,0,0,0,0,0,1,1
Indonesia,2020,4,4,4,137100,0,6,4,0,0,0,0,0,1,1
Indonesia,2020,5,2,2,45642,0,11,2,0,0,0,0,0,1,1
Indonesia,2020,6,3,3,23838,2612,7,3,0,0,0,0,0,1,1
Indonesia,2020,7,1,1,14534,12439,105,1,0,0,0,0,0,1,1
Indonesia,2020,8,1,1,23461,0,0,1,0,0,0,0,0,1,1
Indonesia,2020,9,1,0,170,0,11,0,0,0,0,0,1,1,0
Indonesia,2020,10,1,1,10000,0,15,1,0,0,0,0,0,1,1
Indonesia,2020,11,0,0,0,0,0,0,0,0,0,0,0,0,0
Indonesia,2020,12,3,3,130052,0,7,3,0,0,0,0,0,1,1
Indonesia,2021,1,2,2,136025,0,24,2,0,0,0,0,0,1,1
Indonesia,2021,2,4,3,344831,59406,29,3,0,0,0,0,1,1,1
Indonesia,2021,3,2,2,77480,0,0,2,0,0,0,0,0,1,1
Indonesia,2021,4,2,1,511095,950491,239,0,1,0,0,0,1,1,1
Indonesia,2021,5,1,1,59800,0,0,1,0,0,0,0,0,1,1
Indonesia,2021,6,0,0,0,0,0,0,0,0,0,0,0,0,0
Indonesia,2021,7,1,1,6408,0,0,1,0,0,0,0,0,1,1
Indonesia,2021,8,1,1,62900,0,9,1,0,0,0,0,0,1,1
Indonesia,2021,9,1,1,11839,0,0,1,0,0,0,0,0,1,1
Indonesia,2021,10,2,2,81321,0,0,2,0,0,0,0,0,1,1
Indonesia,2021,11,2,2,12303,0,9,2,0,0,0,0,0,1,1
Indonesia,2021,12,3,3,149238,0,8,3,0,0,0,0,0,1,1
Indonesia,2022,1,1,1,6500,0,10,1,0,0,0,0,0,1,1
Indonesia,2022,2,2,2,46500,81406,14,2,0,0,0,0,0,1,1
Indonesia,2022,3,1,1,16003,0,4,1,0,0,0,0,0,1,1
Indonesia,2022,4,0,0,0,0,0,0,0,0,0,0,0,0,0
Indonesia,2022,5,1,1,17201,0,0,1,0,0,0,0,0,1,1
Indonesia,2022,6,0,0,0,0,0,0,0,0,0,0,0,0,0
Indonesia,2022,7,1,1,3126,0,7,1,0,0,0,0,0,1,1
Indonesia,2022,8,0,0,0,0,0,0,0,0,0,0,0,0,0
Indonesia,2022,9,0,0,0,0,0,0,0,0,0,0,0,0,0
Indonesia,2022,10,2,2,40205,0,15,2,0,0,0,0,0,1,1
Indonesia,2022,11,3,3,24080,0,4,3,0,0,0,0,0,1,1
Indonesia,2022,12,2,2,199955,0,1,2,0,0,0,0,0,1,1
Indonesia,2023,1,2,2,116700,0,0,2,0,0,0,0,0,1,1
Indonesia,2023,2,0,0,0,0,0,0,0,0,0,0,0,0,0
Indonesia,2023,3,2,1,1861,0,56,0,1,0,0,0,1,1,1
Indonesia,2023,4,1,0,130,0,5,0,0,0,0,0,1,1,0
Indonesia,2023,5,0,0,0,0,0,0,0,0,0,0,0,0,0
Indonesia,2023,6,2,2,18750337,0,0,0,1,1,0,0,0,1,1
Indonesia,2023,7,1,1,517,0,6,1,0,0,0,0,0,1,1
Indonesia,2023,8,0,0,0,0,0,0,0,0,0,0,0,0,0
Indonesia,2023,9,1,1,14500,0,0,1,0,0,0,0,0,1,1
Indonesia,2023,10,0,0,0,0,0,0,0,0,0,0,0,0,0
Indonesia,2023,11,1,1,17750,0,0,1,0,0,0,0,0,1,1
Indonesia,2023,12,0,0,0,0,0,0,0,0,0,0,0,0,0
Indonesia,2024,1,0,0,0,0,0,0,0,0,0,0,0,0,0
Indonesia,2024,2,1,1,25502,0,2,1,0,0,0,0,0,1,1
Indonesia,2024,3,1,0,500012,20526,59,0,0,0,0,0,1,1,0
Indonesia,2024,4,4,2,54952,0,38,2,0,0,0,0,2,1,1
Indonesia,2024,5,3,1,22482,0,103,1,0,0,0,0,2,1,1
Indonesia,2024,6,1,1,15400,0,6,1,0,0,0,0,0,1,1
Indonesia,2024,7,0,0,0,0,0,0,0,0,0,0,0,0,0
Indonesia,2024,8,1,1,615,0,21,1,0,0,0,0,0,1,1
Indonesia,2024,9,1,0,36,0,17,0,0,0,0,0,1,1,0
Indonesia,2024,10,0,0,0,0,0,0,0,0,0,0,0,0,0
Indonesia,2024,11,1,1,1000,0,20,1,0,0,0,0,0,1,1
Indonesia,2024,12,1,1,10160,0,12,1,0,0,0,0,0,1,1
Brazil,2010,1,0,0,0,0,0,0,0,0,0,0,0,0,0
Brazil,2010,2,1,1,0,0,32,0,0,0,0,1,0,1,1
Brazil,2010,3,0,0,0,0,0,0,0,0,0,0,0,0,0
Brazil,2010,4,1,1,74938,295285,256,1,0,0,0,0,0,1,1
Brazil,2010,5,0,0,0,0,0,0,0,0,0,0,0,0,0
Brazil,2010,6,1,1,157000,888809,72,1,0,0,0,0,0,1,1
Brazil,2010,7,0,0,0,0,0,0,0,0,0,0,0,0,0
Brazil,2010,8,0,0,0,0,0,0,0,0,0,0,0,0,0
Brazil,2010,9,0,0,0,0,0,0,0,0,0,0,0,0,0
Brazil,2010,10,1,1,62000,0,0,0,0,1,0,0,0,1,1
Brazil,2010,11,1,1,13000,0,35,1,0,0,0,0,0,1,1
Brazil,2010,12,0,0,0,0,0,0,0,0,0,0,0,0,0
Brazil,2011,1,1,1,45000,1431245,900,1,0,0,0,0,0,1,1
Brazil,2011,2,0,0,0,0,0,0,0,0,0,0,0,0,0
Brazil,2011,3,1,1,31000,0,10,1,0,0,0,0,0,1,1
Brazil,2011,4,1,1,31600,0,12,1,0,0,0,0,0,1,1
Brazil,2011,5,1,1,13000,0,2,1,0,0,0,0,0,1,1
Brazil,2011,6,0,0,0,0,0,0,0,0,0,0,0,0,0
Brazil,2011,7,2,2,81000,0,18,2,0,0,0,0,0,1,1
Brazil,2011,8,0,0,0,0,0,0,0,0,0,0,0,0,0
Brazil,2011,9,1,1,1000000,0,3,1,0,0,0,0,0,1,1
Brazil,2011,10,0,0,0,0,0,0,0,0,0,0,0,0,0
Brazil,2011,11,0,0,0,0,0,0,0,0,0,0,0,0,0
Brazil,2011,12,1,1,14000,2862,33,1,0,0,0,0,0,1,1
Brazil,2012,1,0,0,0,0,0,0,0,0,0,0,0,0,0
Brazil,2012,2,1,1,89000,0,3,1,0,0,0,0,0,1,1
Brazil,2012,3,0,0,0,0,0,0,0,0,0,0,0,0,0
Brazil,2012,4,0,0,0,0,0,0,0,0,0,0,0,0,0
Brazil,2012,5,2,2,4210000,2287034,0,1,0,1,0,0,0,1,1
Brazil,2012,6,0,0,0,0,0,0,0,0,0,0,0,0,0
Brazil,2012,7,0,0,0,0,0,0,0,0,0,0,0,0,0
Brazil,2012,8,0,0,0,0,0,0,0,0,0,0,0,0,0
Brazil,2012,9,0,0,0,0,0,0,0,0,0,0,0,0,0
Brazil,2012,10,0,0,0,0,0,0,0,0,0,0,0,0,0
Brazil,2012,11,0,0,0,0,0,0,0,0,0,0,0,0,0
Brazil,2012,12,0,0,0,0,0,0,0,0,0,0,0,0,0
Brazil,2013,1,1,1,200000,2764,4,1,0,0,0,0,0,1,1
Brazil,2013,2,0,0,0,0,0,0,0,0,0,0,0,0,0
Brazil,2013,3,1,1,1510,2073,30,1,0,0,0,0,0,1,1
Brazil,2013,4,0,0,0,0,0,0,0,0,0,0,0,0,0
Brazil,2013,5,0,0,0,0,0,0,0,0,0,0,0,0,0
Brazil,2013,6,0,0,0,0,0,0,0,0,0,0,0,0,0
Brazil,2013,7,0,0,0,0,0,0,0,0,0,0,0,0,0
Brazil,2013,8,0,0,0,0,0,0,0,0,0,0,0,0,0
Brazil,2013,9,1,1,13864,124379,2,0,1,0,0,0,0,1,1
Brazil,2013,10,0,0,0,0,0,0,0,0,0,0,0,0,0
Brazil,2013,11,0,0,0,0,0,0,0,0,0,0,0,0,0
Brazil,2013,12,3,3,45900,749035,85,3,0,0,0,0,0,1,1
Brazil,2014,1,2,2,27000600,6799615,20,1,0,1,0,0,0,1,1
Brazil,2014,2,1,1,67500,271985,0,1,0,0,0,0,0,1,1
Brazil,2014,3,0,0,0,0,0,0,0,0,0,0,0,0,0
Brazil,2014,4,0,0,0,0,0,0,0,0,0,0,0,0,0
Brazil,2014,5,0,0,0,0,0,0,0,0,0,0,0,0,0
Brazil,2014,6,1,1,500052,0,11,1,0,0,0,0,0,1,1
Brazil,2014,7,1,1,50000,0,10,1,0,0,0,0,0,1,1
Brazil,2014,8,0,0,0,0,0,0,0,0,0,0,0,0,0
Brazil,2014,9,0,0,0,0,0,0,0,0,0,0,0,0,0
Brazil,2014,10,0,0,0,0,0,0,0,0,0,0,0,0,0
Brazil,2014,11,0,0,0,0,0,0,0,0,0,0,0,0,0
Brazil,2014,12,0,0,0,0,0,0,0,0,0,0,0,0,0
Brazil,2015,1,0,0,0,0,0,0,0,0,0,0,0,0,0
Brazil,2015,2,0,0,0,0,0,0,0,0,0,0,0,0,0
Brazil,2015,3,0,0,0,0,0,0,0,0,0,0,0,0,0
Brazil,2015,4,3,2,12037,2717,22,1,1,0,0,0,1,1,1
Brazil,2015,5,0,0,0,0,0,0,0,0,0,0,0,0,0
Brazil,2015,6,0,0,0,0,0,0,0,0,0,0,0,0,0
Brazil,2015,7,1,1,283140,0,3,1,0,0,0,0,0,1,1
Brazil,2015,8,0,0,0,0,0,0,0,0,0,0,0,0,0
Brazil,2015,9,0,0,0,0,0,0,0,0,0,0,0,0,0
Brazil,2015,10,1,1,5370,2717,3,1,0,0,0,0,0,1,1
Brazil,2015,11,0,0,0,0,0,0,0,0,0,0,0,0,0
Brazil,2015,12,1,1,9000,0,0,1,0,0,0,0,0,1,1
Brazil,2016,1,1,1,50500,134139,3,1,0,0,0,0,0,1,1
Brazil,2016,2,0,0,0,0,0,0,0,0,0,0,0,0,0
Brazil,2016,3,1,1,0,134139,30,1,0,0,0,0,0,1,1
Brazil,2016,4,0,0,0,0,0,0,0,0,0,0,0,0,0
Brazil,2016,5,0,0,0,0,0,0,0,0,0,0,0,0,0
Brazil,2016,6,0,0,0,0,0,0,0,0,0,0,0,0,0
Brazil,2016,7,0,0,0,0,0,0,0,0,0,0,0,0,0
Brazil,2016,8,0,0,0,0,0,0,0,0,0,0,0,0,0
Brazil,2016,9,0,0,0,0,0,0,0,0,0,0,0,0,0
Brazil,2016,10,0,0,0,0,0,0,0,0,0,0,0,0,0
Brazil,2016,11,0,0,0,0,0,0,0,0,0,0,0,0,0
Brazil,2016,12,0,0,0,0,0,0,0,0,0,0,0,0,0
Brazil,2017,1,0,0,0,0,0,0,0,0,0,0,0,0,0
Brazil,2017,2,0,0,0,0,0,0,0,0,0,0,0,0,0
Brazil,2017,3,0,0,0,0,0,0,0,0,0,0,0,0,0
Brazil,2017,4,0,0,0,0,0,0,0,0,0,0,0,0,0
Brazil,2017,5,1,1,104140,131341,14,1,0,0,0,0,0,1,1
Brazil,2017,6,0,0,0,0,0,0,0,0,0,0,0,0,0
Brazil,2017,7,0,0,0,0,0,0,0,0,0,0,0,0,0
Brazil,2017,8,0,0,0,0,0,0,0,0,0,0,0,0,0
Brazil,2017,9,0,0,0,0,0,0,0,0,0,0,0,0,0
Brazil,2017,10,0,0,0,0,0,0,0,0,0,0,0,0,0
Brazil,2017,11,0,0,0,0,0,0,0,0,0,0,0,0,0
Brazil,2017,12,0,0,0,0,0,0,0,0,0,0,0,0,0
Brazil,2018,1,0,0,0,0,0,0,0,0,0,0,0,0,0
Brazil,2018,2,1,1,250,12821,4,1,0,0,0,0,0,1,1
Brazil,2018,3,1,1,1000,55130,3,1,0,0,0,0,0,1,1
Brazil,2018,4,0,0,0,0,0,0,0,0,0,0,0,0,0
Brazil,2018,5,0,0,0,0,0,0,0,0,0,0,0,0,0
Brazil,2018,6,0,0,0,0,0,0,0,0,0,0,0,0,0
Brazil,2018,7,0,0,0,0,0,0,0,0,0,0,0,0,0
Brazil,2018,8,0,0,0,0,0,0,0,0,0,0,0,0,0
Brazil,2018,9,0,0,0,0,0,0,0,0,0,0,0,0,0
Brazil,2018,10,0,0,0,0,0,0,0,0,0,0,0,0,0
Brazil,2018,11,1,0,300,0,15,0,0,0,0,0,1,1,0
Brazil,2018,12,0,0,0,0,0,0,0,0,0,0,0,0,0
Brazil,2019,1,2,2,10012195,0,4,1,0,0,1,0,0,1,1
Brazil,2019,2,0,0,0,0,0,0,0,0,0,0,0,0,0
Brazil,2019,3,1,1,1306,0,12,1,0,0,0,0,0,1,1
Brazil,2019,4,1,1,4500,0,10,1,0,0,0,0,0,1,1
Brazil,2019,5,0,0,0,0,0,0,0,0,0,0,0,0,0
Brazil,2019,6,1,1,30000,0,7,1,0,0,0,0,0,1,1
Brazil,2019,7,1,1,0,0,12,1,0,0,0,0,0,1,1
Brazil,2019,8,0,0,0,0,0,0,0,0,0,0,0,0,0
Brazil,2019,9,0,0,0,0,0,0,0,0,0,0,0,0,0
Brazil,2019,10,0,0,0,0,0,0,0,0,0,0,0,0,0
Brazil,2019,11,2,2,972,0,2,2,0,0,0,0,0,1,1
Brazil,2019,12,0,0,0,0,0,0,0,0,0,0,0,0,0
Brazil,2020,1,2,2,11012,4104969,61,1,0,1,0,0,0,1,1
Brazil,2020,2,2,2,810,62196,9,2,0,0,0,0,0,1,1
Brazil,2020,3,1,1,5000,93295,60,1,0,0,0,0,0,1,1
Brazil,2020,4,0,0,0,0,0,0,0,0,0,0,0,0,0
Brazil,2020,5,0,0,0,0,0,0,0,0,0,0,0,0,0
Brazil,2020,6,1,1,1119,124393,12,0,1,0,0,0,0,1,1
Brazil,2020,7,0,0,0,0,0,0,0,0,0,0,0,0,0
Brazil,2020,8,0,0,0,0,0,0,0,0,0,0,0,0,0
Brazil,2020,9,0,0,0,0,0,0,0,0,0,0,0,0,0
Brazil,2020,10,0,0,0,0,0,0,0,0,0,0,0,0,0
Brazil,2020,11,0,0,0,0,0,0,0,0,0,0,0,0,0
Brazil,2020,12,1,1,339,93295,21,1,0,0,0,0,0,1,1
Brazil,2021,1,2,2,107,3608303,2,1,0,1,0,0,0,1,1
Brazil,2021,2,1,1,100000,42772,6,1,0,0,0,0,0,1,1
Brazil,2021,3,2,2,372,0,1,2,0,0,0,0,0,1,1
Brazil,2021,4,2,2,469005,47525,0,2,0,0,0,0,0,1,1
Brazil,2021,5,0,0,0,0,0,0,0,0,0,0,0,0,0
Brazil,2021,6,1,1,2400,15445,2,1,0,0,0,0,0,1,1
Brazil,2021,7,0,0,0,0,0,0,0,0,0,0,0,0,0
Brazil,2021,8,0,0,0,0,0,0,0,0,0,0,0,0,0
Brazil,2021,9,0,0,0,0,0,0,0,0,0,0,0,0,0
Brazil,2021,10,0,0,0,0,0,0,0,0,0,0,0,0,0
Brazil,2021,11,1,1,1036166,495444,51,1,0,0,0,0,0,1,1
Brazil,2021,12,0,0,0,0,0,0,0,0,0,0,0,0,0
Brazil,2022,1,3,3,3044,4578522,50,2,0,1,0,0,0,1,1
Brazil,2022,2,1,1,16083,29702,272,1,0,0,0,0,0,1,1
Brazil,2022,3,1,1,800,0,8,1,0,0,0,0,0,1,1
Brazil,2022,4,1,1,31500,149611,23,1,0,0,0,0,0,1,1
Brazil,2022,5,2,2,68304,607243,119,2,0,0,0,0,0,1,1
Brazil,2022,6,0,0,0,0,0,0,0,0,0,0,0,0,0
Brazil,2022,7,1,1,67500,290420,12,1,0,0,0,0,0,1,1
Brazil,2022,8,0,0,0,0,0,0,0,0,0,0,0,0,0
Brazil,2022,9,0,0,0,0,0,0,0,0,0,0,0,0,0
Brazil,2022,10,0,0,0,0,0,0,0,0,0,0,0,0,0
Brazil,2022,11,2,2,20500,0,42,2,0,0,0,0,0,1,1
Brazil,2022,12,1,1,16350,0,2,1,0,0,0,0,0,1,1
Brazil,2023,1,1,1,180,10566,5,1,0,0,0,0,0,1,1
Brazil,2023,2,1,1,4025,31698,67,1,0,0,0,0,0,1,1
Brazil,2023,3,6,6,631021,2815796,17,5,0,1,0,0,0,1,1
Brazil,2023,4,2,2,10398,0,0,1,1,0,0,0,0,1,1
Brazil,2023,5,0,0,0,0,0,0,0,0,0,0,0,0,0
Brazil,2023,6,1,1,11100,216600,17,1,0,0,0,0,0,1,1
Brazil,2023,7,1,1,20000,0,14,1,0,0,0,0,0,1,1
Brazil,2023,8,0,0,0,0,0,0,0,0,0,0,0,0,0
Brazil,2023,9,1,1,341924,744892,46,0,1,0,0,0,0,1,1
Brazil,2023,10,1,1,26509,1268,0,1,0,0,0,0,0,1,1
Brazil,2023,11,2,2,194363,248297,5,1,1,0,0,0,0,1,1
Brazil,2023,12,0,0,0,0,0,0,0,0,0,0,0,0,0
Brazil,2024,1,4,4,924600,6332351,23,2,1,1,0,0,0,1,1
Brazil,2024,2,3,3,29696,0,9,2,1,0,0,0,0,1,1
Brazil,2024,3,1,1,7708,143684,34,1,0,0,0,0,0,1,1
Brazil,2024,4,1,1,2323,307894,0,1,0,0,0,0,0,1,1
Brazil,2024,5,1,1,2399061,7184190,209,1,0,0,0,0,0,1,1
Brazil,2024,6,0,0,0,0,0,0,0,0,0,0,0,0,0
Brazil,2024,7,0,0,0,0,0,0,0,0,0,0,0,0,0
Brazil,2024,8,0,0,0,0,0,0,0,0,0,0,0,0,0
Brazil,2024,9,0,0,0,0,0,0,0,0,0,0,0,0,0
Brazil,2024,10,0,0,0,0,0,0,0,0,0,0,0,0,0
Brazil,2024,11,0,0,0,0,0,0,0,0,0,0,0,0,0
Brazil,2024,12,1,1,200,0,0,0,1,0,0,0,0,1,1
Mexico,2010,1,1,1,20000,23623,41,1,0,0,0,0,0,1,1
Mexico,2010,2,0,0,0,0,0,0,0,0,0,0,0,0,0
Mexico,2010,3,0,0,0,0,0,0,0,0,0,0,0,0,0
Mexico,2010,4,0,0,0,0,0,0,0,0,0,0,0,0,0
Mexico,2010,5,0,0,0,0,0,0,0,0,0,0,0,0,0
Mexico,2010,6,1,1,170000,2952854,22,0,1,0,0,0,0,1,1
Mexico,2010,7,0,0,0,0,0,0,0,0,0,0,0,0,0
Mexico,2010,8,1,1,154000,0,6,0,1,0,0,0,0,1,1
Mexico,2010,9,5,3,1231075,5758064,111,1,2,0,0,0,2,1,1
Mexico,2010,10,0,0,0,0,0,0,0,0,0,0,0,0,0
Mexico,2010,11,0,0,0,0,0,0,0,0,0,0,0,0,0
Mexico,2010,12,0,0,0,0,0,0,0,0,0,0,0,0,0
Mexico,2011,1,0,0,0,0,0,0,0,0,0,0,0,0,0
Mexico,2011,2,1,1,120000,715622,3,0,0,0,0,1,0,1,1
Mexico,2011,3,1,1,0,0,0,0,0,0,1,0,0,1,1
Mexico,2011,4,0,0,0,0,0,0,0,0,0,0,0,0,0
Mexico,2011,5,0,0,0,0,0,0,0,0,0,0,0,0,0
Mexico,2011,6,2,2,300450,100187,25,0,2,0,0,0,0,1,1
Mexico,2011,7,2,2,390000,0,6,1,1,0,0,0,0,1,1
Mexico,2011,8,1,1,40000,0,74,1,0,0,0,0,0,1,1
Mexico,2011,9,2,2,2500000,0,10,0,1,1,0,0,0,1,1
Mexico,2011,10,2,2,300000,39645,5,1,1,0,0,0,0,1,1
Mexico,2011,11,0,0,0,0,0,0,0,0,0,0,0,0,0
Mexico,2011,12,0,0,0,0,0,0,0,0,0,0,0,0,0
Mexico,2012,1,0,0,0,0,0,0,0,0,0,0,0,0,0
Mexico,2012,2,0,0,0,0,0,0,0,0,0,0,0,0,0
Mexico,2012,3,0,0,0,0,0,0,0,0,0,0,0,0,0
Mexico,2012,4,0,0,0,0,0,0,0,0,0,0,0,0,0
Mexico,2012,5,0,0,0,0,0,0,0,0,0,0,0,0,0
Mexico,2012,6,1,1,87000,778236,7,0,1,0,0,0,0,1,1
Mexico,2012,7,0,0,0,0,0,0,0,0,0,0,0,0,0
Mexico,2012,8,1,1,0,420668,12,0,1,0,0,0,0,1,1
Mexico,2012,9,0,0,0,0,0,0,0,0,0,0,0,0,0
Mexico,2012,10,0,0,0,0,0,0,0,0,0,0,0,0,0
Mexico,2012,11,0,0,0,0,0,0,0,0,0,0,0,0,0
Mexico,2012,12,0,0,0,0,0,0,0,0,0,0,0,0,0
Mexico,2013,1,0,0,0,0,0,0,0,0,0,0,0,0,0
Mexico,2013,2,0,0,0,0,0,0,0,0,0,0,0,0,0
Mexico,2013,3,0,0,0,0,0,0,0,0,0,0,0,0,0
Mexico,2013,4,0,0,0,0,0,0,0,0,0,0,0,0,0
Mexico,2013,5,1,1,12000,0,4,0,1,0,0,0,0,1,1
Mexico,2013,6,0,0,0,0,0,0,0,0,0,0,0,0,0
Mexico,2013,7,0,0,0,0,0,0,0,0,0,0,0,0,0
Mexico,2013,8,1,1,5000,2764,14,0,1,0,0,0,0,1,1
Mexico,2013,9,3,3,155000,7877309,205,1,2,0,0,0,0,1,1
Mexico,2013,10,0,0,0,0,0,0,0,0,0,0,0,0,0
Mexico,2013,11,0,0,0,0,0,0,0,0,0,0,0,0,0
Mexico,2013,12,0,0,0,0,0,0,0,0,0,0,0,0,0
Mexico,2014,1,0,0,0,0,0,0,0,0,0,0,0,0,0
Mexico,2014,2,0,0,0,0,0,0,0,0,0,0,0,0,0
Mexico,2014,3,0,0,0,0,0,0,0,0,0,0,0,0,0
Mexico,2014,4,0,0,0,0,0,0,0,0,0,0,0,0,0
Mexico,2014,5,1,1,0,0,0,0,1,0,0,0,0,1,1
Mexico,2014,6,0,0,0,0,0,0,0,0,0,0,0,0,0
Mexico,2014,7,0,0,0,0,0,0,0,0,0,0,0,0,0
Mexico,2014,8,1,1,30000,19039,3,0,1,0,0,0,0,1,1
Mexico,2014,9,3,3,84135,3434485,10,0,3,0,0,0,0,1,1
Mexico,2014,10,1,1,30000,2720,6,0,1,0,0,0,0,1,1
Mexico,2014,11,0,0,0,0,0,0,0,0,0,0,0,0,0
Mexico,2014,12,0,0,0,0,0,0,0,0,0,0,0,0,0
Mexico,2015,1,0,0,0,0,0,0,0,0,0,0,0,0,0
Mexico,2015,2,0,0,0,0,0,0,0,0,0,0,0,0,0
Mexico,2015,3,2,2,4471,2717,14,1,1,0,0,0,0,1,1
Mexico,2015,4,0,0,0,0,0,0,0,0,0,0,0,0,0
Mexico,2015,5,1,1,2320,0,14,0,1,0,0,0,0,1,1
Mexico,2015,6,0,0,0,0,0,0,0,0,0,0,0,0,0
Mexico,2015,7,0,0,0,0,0,0,0,0,0,0,0,0,0
Mexico,2015,8,0,0,0,0,0,0,0,0,0,0,0,0,0
Mexico,2015,9,0,0,0,0,0,0,0,0,0,0,0,0,0
Mexico,2015,10,1,1,15000,1117891,14,0,1,0,0,0,0,1,1
Mexico,2015,11,0,0,0,0,0,0,0,0,0,0,0,0,0
Mexico,2015,12,0,0,0,0,0,0,0,0,0,0,0,0,0
Mexico,2016,1,0,0,0,0,0,0,0,0,0,0,0,0,0
Mexico,2016,2,1,1,3000,0,2,1,0,0,0,0,0,1,1
Mexico,2016,3,0,0,0,0,0,0,0,0,0,0,0,0,0
Mexico,2016,4,0,0,0,0,0,0,0,0,0,0,0,0,0
Mexico,2016,5,0,0,0,0,0,0,0,0,0,0,0,0,0
Mexico,2016,6,0,0,0,0,0,0,0,0,0,0,0,0,0
Mexico,2016,7,0,0,0,0,0,0,0,0,0,0,0,0,0
Mexico,2016,8,1,1,11000,0,54,0,1,0,0,0,0,1,1
Mexico,2016,9,4,4,25500,100604,32,3,1,0,0,0,0,1,1
Mexico,2016,10,0,0,0,0,0,0,0,0,0,0,0,0,0
Mexico,2016,11,1,1,35000,0,2,1,0,0,0,0,0,1,1
Mexico,2016,12,0,0,0,0,0,0,0,0,0,0,0,0,0
Mexico,2017,1,0,0,0,0,0,0,0,0,0,0,0,0,0
Mexico,2017,2,0,0,0,0,0,0,0,0,0,0,0,0,0
Mexico,2017,3,0,0,0,0,0,0,0,0,0,0,0,0,0
Mexico,2017,4,0,0,0,0,0,0,0,0,0,0,0,0,0
Mexico,2017,5,0,0,0,0,0,0,0,0,0,0,0,0,0
Mexico,2017,6,1,1,600,0,6,0,1,0,0,0,0,1,1
Mexico,2017,7,0,0,0,0,0,0,0,0,0,0,0,0,0
Mexico,2017,8,2,2,1300,2627,20,0,2,0,0,0,0,1,1
Mexico,2017,9,2,2,1910,0,5,1,1,0,0,0,0,1,1
Mexico,2017,10,0,0,0,0,0,0,0,0,0,0,0,0,0
Mexico,2017,11,0,0,0,0,0,0,0,0,0,0,0,0,0
Mexico,2017,12,0,0,0,0,0,0,0,0,0,0,0,0,0
Mexico,2018,1,0,0,0,0,0,0,0,0,0,0,0,0,0
Mexico,2018,2,0,0,0,0,0,0,0,0,0,0,0,0,0
Mexico,2018,3,0,0,0,0,0,0,0,0,0,0,0,0,0
Mexico,2018,4,0,0,0,0,0,0,0,0,0,0,0,0,0
Mexico,2018,5,0,0,0,0,0,0,0,0,0,0,0,0,0
Mexico,2018,6,0,0,0,0,0,0,0,0,0,0,0,0,0
Mexico,2018,7,0,0,0,0,0,0,0,0,0,0,0,0,0
Mexico,2018,8,0,0,0,0,0,0,0,0,0,0,0,0,0
Mexico,2018,9,1,1,120,0,20,1,0,0,0,0,0,1,1
Mexico,2018,10,2,2,10000,697210,20,0,2,0,0,0,0,1,1
Mexico,2018,11,0,0,0,0,0,0,0,0,0,0,0,0,0
Mexico,2018,12,0,0,0,0,0,0,0,0,0,0,0,0,0
Mexico,2019,1,0,0,0,0,0,0,0,0,0,0,0,0,0
Mexico,2019,2,0,0,0,0,0,0,0,0,0,0,0,0,0
Mexico,2019,3,0,0,0,0,0,0,0,0,0,0,0,0,0
Mexico,2019,4,0,0,0,0,0,0,0,0,0,0,0,0,0
Mexico,2019,5,0,0,0,0,0,0,0,0,0,0,0,0,0
Mexico,2019,6,2,2,3142,0,9,2,0,0,0,0,0,1,1
Mexico,2019,7,0,0,0,0,0,0,0,0,0,0,0,0,0
Mexico,2019,8,0,0,0,0,0,0,0,0,0,0,0,0,0
Mexico,2019,9,3,3,1200,482302,4,0,3,0,0,0,0,1,1
Mexico,2019,10,0,0,0,0,0,0,0,0,0,0,0,0,0
Mexico,2019,11,1,1,500,0,3,1,0,0,0,0,0,1,1
Mexico,2019,12,0,0,0,0,0,0,0,0,0,0,0,0,0
Mexico,2020,1,0,0,0,0,0,0,0,0,0,0,0,0,0
Mexico,2020,2,0,0,0,0,0,0,0,0,0,0,0,0,0
Mexico,2020,3,0,0,0,0,0,0,0,0,0,0,0,0,0
Mexico,2020,4,0,0,0,0,0,0,0,0,0,0,0,0,0
Mexico,2020,5,0,0,0,0,0,0,0,0,0,0,0,0,0
Mexico,2020,6,1,1,606,0,0,0,1,0,0,0,0,1,1
Mexico,2020,7,1,1,0,167931,5,0,1,0,0,0,0,1,1
Mexico,2020,8,1,1,5100,0,3,1,0,0,0,0,0,1,1
Mexico,2020,9,0,0,0,0,0,0,0,0,0,0,0,0,0
Mexico,2020,10,2,2,3500,248786,6,0,2,0,0,0,0,1,1
Mexico,2020,11,2,2,90000,0,58,1,1,0,0,0,0,1,1
Mexico,2020,12,0,0,0,0,0,0,0,0,0,0,0,0,0
Mexico,2021,1,0,0,0,0,0,0,0,0,0,0,0,0,0
Mexico,2021,2,1,1,0,118811,12,0,1,0,0,0,0,1,1
Mexico,2021,3,0,0,0,0,0,0,0,0,0,0,0,0,0
Mexico,2021,4,0,0,0,0,0,0,0,0,0,0,0,0,0
Mexico,2021,5,0,0,0,0,0,0,0,0,0,0,0,0,0
Mexico,2021,6,2,2,1221,118812,5,0,2,0,0,0,0,1,1
Mexico,2021,7,0,0,0,0,0,0,0,0,0,0,0,0,0
Mexico,2021,8,2,2,1503,712868,15,0,2,0,0,0,0,1,1
Mexico,2021,9,2,2,2020,59406,24,2,0,0,0,0,0,1,1
Mexico,2021,10,2,2,10650,23762,6,1,1,0,0,0,0,1,1
Mexico,2021,11,0,0,0,0,0,0,0,0,0,0,0,0,0
Mexico,2021,12,0,0,0,0,0,0,0,0,0,0,0,0,0
Mexico,2022,1,0,0,0,0,0,0,0,0,0,0,0,0,0
Mexico,2022,2,0,0,0,0,0,0,0,0,0,0,0,0,0
Mexico,2022,3,0,0,0,0,0,0,0,0,0,0,0,0,0
Mexico,2022,4,0,0,0,0,0,0,0,0,0,0,0,0,0
Mexico,2022,5,1,1,0,56104,31,0,1,0,0,0,0,1,1
Mexico,2022,6,0,0,0,0,0,0,0,0,0,0,0,0,0
Mexico,2022,7,0,0,0,0,0,0,0,0,0,0,0,0,0
Mexico,2022,8,1,1,2100,0,8,1,0,0,0,0,0,1,1
Mexico,2022,9,1,1,1050,0,5,1,0,0,0,0,0,1,1
Mexico,2022,10,2,2,16000,0,7,0,2,0,0,0,0,1,1
Mexico,2022,11,0,0,0,0,0,0,0,0,0,0,0,0,0
Mexico,2022,12,0,0,0,0,0,0,0,0,0,0,0,0,0
Mexico,2023,1,0,0,0,0,0,0,0,0,0,0,0,0,0
Mexico,2023,2,0,0,0,0,0,0,0,0,0,0,0,0,0
Mexico,2023,3,0,0,0,0,0,0,0,0,0,0,0,0,0
Mexico,2023,4,0,0,0,0,0,0,0,0,0,0,0,0,0
Mexico,2023,5,0,0,0,0,0,0,0,0,0,0,0,0,0
Mexico,2023,6,0,0,0,0,0,0,0,0,0,0,0,0,0
Mexico,2023,7,0,0,0,0,0,0,0,0,0,0,0,0,0
Mexico,2023,8,0,0,0,0,0,0,0,0,0,0,0,0,0
Mexico,2023,9,1,1,0,0,11,1,0,0,0,0,0,1,1
Mexico,2023,10,1,1,988000,12679009,84,0,1,0,0,0,0,1,1
Mexico,2023,11,0,0,0,0,0,0,0,0,0,0,0,0,0
Mexico,2023,12,0,0,0,0,0,0,0,0,0,0,0,0,0
Mexico,2024,1,0,0,0,0,0,0,0,0,0,0,0,0,0
Mexico,2024,2,0,0,0,0,0,0,0,0,0,0,0,0,0
Mexico,2024,3,1,1,2567,0,155,0,0,0,0,1,0,1,1
Mexico,2024,4,0,0,0,0,0,0,0,0,0,0,0,0,0
Mexico,2024,5,0,0,0,0,0,0,0,0,0,0,0,0,0
Mexico,2024,6,2,2,20000,143684,10,0,2,0,0,0,0,1,1
Mexico,2024,7,0,0,0,0,0,0,0,0,0,0,0,0,0
Mexico,2024,8,0,0,0,0,0,0,0,0,0,0,0,0,0
Mexico,2024,9,3,2,3282,2514467,39,0,2,0,0,0,1,1,1
Mexico,2024,10,2,2,3900,0,12,0,2,0,0,0,0,1,1
Mexico,2024,11,0,0,0,0,0,0,0,0,0,0,0,0,0
Mexico,2024,12,0,0,0,0,0,0,0,0,0,0,0,0,0
SouthAfrica,2010,1,0,0,0,0,0,0,0,0,0,0,0,0,0
SouthAfrica,2010,2,0,0,0,0,0,0,0,0,0,0,0,0,0
SouthAfrica,2010,3,0,0,0,0,0,0,0,0,0,0,0,0,0
SouthAfrica,2010,4,0,0,0,0,0,0,0,0,0,0,0,0,0
SouthAfrica,2010,5,0,0,0,0,0,0,0,0,0,0,0,0,0
SouthAfrica,2010,6,0,0,0,0,0,0,0,0,0,0,0,0,0
SouthAfrica,2010,7,0,0,0,0,0,0,0,0,0,0,0,0,0
SouthAfrica,2010,8,0,0,0,0,0,0,0,0,0,0,0,0,0
SouthAfrica,2010,9,0,0,0,0,0,0,0,0,0,0,0,0,0
SouthAfrica,2010,10,0,0,0,0,0,0,0,0,0,0,0,0,0
SouthAfrica,2010,11,0,0,0,0,0,0,0,0,0,0,0,0,0
SouthAfrica,2010,12,1,1,6000,0,40,0,1,0,0,0,0,1,1
SouthAfrica,2011,1,1,1,200321,301993,40,1,0,0,0,0,0,1,1
SouthAfrica,2011,2,0,0,0,0,0,0,0,0,0,0,0,0,0
SouthAfrica,2011,3,0,0,0,0,0,0,0,0,0,0,0,0,0
SouthAfrica,2011,4,0,0,0,0,0,0,0,0,0,0,0,0,0
SouthAfrica,2011,5,0,0,0,0,0,0,0,0,0,0,0,0,0
SouthAfrica,2011,6,0,0,0,0,0,0,0,0,0,0,0,0,0
SouthAfrica,2011,7,0,0,0,0,0,0,0,0,0,0,0,0,0
SouthAfrica,2011,8,0,0,0,0,0,0,0,0,0,0,0,0,0
SouthAfrica,2011,9,0,0,0,0,0,0,0,0,0,0,0,0,0
SouthAfrica,2011,10,1,1,2773,0,1,0,1,0,0,0,0,1,1
SouthAfrica,2011,11,0,0,0,0,0,0,0,0,0,0,0,0,0
SouthAfrica,2011,12,1,1,3550,14312,5,0,1,0,0,0,0,1,1
SouthAfrica,2012,1,1,1,1350,0,0,0,1,0,0,0,0,1,1
SouthAfrica,2012,2,0,0,0,0,0,0,0,0,0,0,0,0,0
SouthAfrica,2012,3,0,0,0,0,0,0,0,0,0,0,0,0,0
SouthAfrica,2012,4,0,0,0,0,0,0,0,0,0,0,0,0,0
SouthAfrica,2012,5,0,0,0,0,0,0,0,0,0,0,0,0,0
SouthAfrica,2012,6,0,0,0,0,0,0,0,0,0,0,0,0,0
SouthAfrica,2012,7,0,0,0,0,0,0,0,0,0,0,0,0,0
SouthAfrica,2012,8,0,0,0,0,0,0,0,0,0,0,0,0,0
SouthAfrica,2012,9,0,0,0,0,0,0,0,0,0,0,0,0,0
SouthAfrica,2012,10,1,1,125000,280446,13,1,0,0,0,0,0,1,1
SouthAfrica,2012,11,0,0,0,0,0,0,0,0,0,0,0,0,0
SouthAfrica,2012,12,0,0,0,0,0,0,0,0,0,0,0,0,0
SouthAfrica,2013,1,0,0,0,0,0,0,0,0,0,0,0,0,0
SouthAfrica,2013,2,0,0,0,0,0,0,0,0,0,0,0,0,0
SouthAfrica,2013,3,0,0,0,0,0,0,0,0,0,0,0,0,0
SouthAfrica,2013,4,0,0,0,0,0,0,0,0,0,0,0,0,0
SouthAfrica,2013,5,0,0,0,0,0,0,0,0,0,0,0,0,0
SouthAfrica,2013,6,1,1,2870,0,3,0,1,0,0,0,0,1,1
SouthAfrica,2013,7,0,0,0,0,0,0,0,0,0,0,0,0,0
SouthAfrica,2013,8,0,0,0,0,0,0,0,0,0,0,0,0,0
SouthAfrica,2013,9,0,0,0,0,0,0,0,0,0,0,0,0,0
SouthAfrica,2013,10,0,0,0,0,0,0,0,0,0,0,0,0,0
SouthAfrica,2013,11,0,0,0,0,0,0,0,0,0,0,0,0,0
SouthAfrica,2013,12,0,0,0,0,0,0,0,0,0,0,0,0,0
SouthAfrica,2014,1,0,0,0,0,0,0,0,0,0,0,0,0,0
SouthAfrica,2014,2,0,0,0,0,0,0,0,0,0,0,0,0,0
SouthAfrica,2014,3,1,1,7185,115593,32,1,0,0,0,0,0,1,1
SouthAfrica,2014,4,0,0,0,0,0,0,0,0,0,0,0,0,0
SouthAfrica,2014,5,0,0,0,0,0,0,0,0,0,0,0,0,0
SouthAfrica,2014,6,0,0,0,0,0,0,0,0,0,0,0,0,0
SouthAfrica,2014,7,0,0,0,0,0,0,0,0,0,0,0,0,0
SouthAfrica,2014,8,0,0,0,0,0,0,0,0,0,0,0,0,0
SouthAfrica,2014,9,0,0,0,0,0,0,0,0,0,0,0,0,0
SouthAfrica,2014,10,0,0,0,0,0,0,0,0,0,0,0,0,0
SouthAfrica,2014,11,0,0,0,0,0,0,0,0,0,0,0,0,0
SouthAfrica,2014,12,0,0,0,0,0,0,0,0,0,0,0,0,0
SouthAfrica,2015,1,1,1,2700000,339578,0,0,0,1,0,0,0,1,1
SouthAfrica,2015,2,0,0,0,0,0,0,0,0,0,0,0,0,0
SouthAfrica,2015,3,0,0,0,0,0,0,0,0,0,0,0,0,0
SouthAfrica,2015,4,0,0,0,0,0,0,0,0,0,0,0,0,0
SouthAfrica,2015,5,0,0,0,0,0,0,0,0,0,0,0,0,0
SouthAfrica,2015,6,0,0,0,0,0,0,0,0,0,0,0,0,0
SouthAfrica,2015,7,0,0,0,0,0,0,0,0,0,0,0,0,0
SouthAfrica,2015,8,0,0,0,0,0,0,0,0,0,0,0,0,0
SouthAfrica,2015,9,0,0,0,0,0,0,0,0,0,0,0,0,0
SouthAfrica,2015,10,0,0,0,0,0,0,0,0,0,0,0,0,0
SouthAfrica,2015,11,0,0,0,0,0,0,0,0,0,0,0,0,0
SouthAfrica,2015,12,0,0,0,0,0,0,0,0,0,0,0,0,0
SouthAfrica,2016,1,1,1,20,0,11,0,0,0,0,1,0,1,1
SouthAfrica,2016,2,0,0,0,0,0,0,0,0,0,0,0,0,0
SouthAfrica,2016,3,0,0,0,0,0,0,0,0,0,0,0,0,0
SouthAfrica,2016,4,0,0,0,0,0,0,0,0,0,0,0,0,0
SouthAfrica,2016,5,0,0,0,0,0,0,0,0,0,0,0,0,0
SouthAfrica,2016,6,0,0,0,0,0,0,0,0,0,0,0,0,0
SouthAfrica,2016,7,1,1,6900,241450,7,1,0,0,0,0,0,1,1
SouthAfrica,2016,8,0,0,0,0,0,0,0,0,0,0,0,0,0
SouthAfrica,2016,9,0,0,0,0,0,0,0,0,0,0,0,0,0
SouthAfrica,2016,10,0,0,0,0,0,0,0,0,0,0,0,0,0
SouthAfrica,2016,11,1,1,600,134139,6,1,0,0,0,0,0,1,1
SouthAfrica,2016,12,0,0,0,0,0,0,0,0,0,0,0,0,0
SouthAfrica,2017,1,0,0,0,0,0,0,0,0,0,0,0,0,0
SouthAfrica,2017,2,0,0,0,0,0,0,0,0,0,0,0,0,0
SouthAfrica,2017,3,0,0,0,0,0,0,0,0,0,0,0,0,0
SouthAfrica,2017,4,0,0,0,0,0,0,0,0,0,0,0,0,0
SouthAfrica,2017,5,2,2,200,1576094,3,1,0,1,0,0,0,1,1
SouthAfrica,2017,6,2,2,12418,923328,18,0,1,0,1,0,0,1,1
SouthAfrica,2017,7,0,0,0,0,0,0,0,0,0,0,0,0,0
SouthAfrica,2017,8,0,0,0,0,0,0,0,0,0,0,0,0,0
SouthAfrica,2017,9,0,0,0,0,0,0,0,0,0,0,0,0,0
SouthAfrica,2017,10,1,1,518,420292,11,0,1,0,0,0,0,1,1
SouthAfrica,2017,11,0,0,0,0,0,0,0,0,0,0,0,0,0
SouthAfrica,2017,12,0,0,0,0,0,0,0,0,0,0,0,0,0
SouthAfrica,2018,1,0,0,0,0,0,0,0,0,0,0,0,0,0
SouthAfrica,2018,2,0,0,0,0,0,0,0,0,0,0,0,0,0
SouthAfrica,2018,3,0,0,0,0,0,0,0,0,0,0,0,0,0
SouthAfrica,2018,4,0,0,0,0,0,0,0,0,0,0,0,0,0
SouthAfrica,2018,5,0,0,0,0,0,0,0,0,0,0,0,0,0
SouthAfrica,2018,6,0,0,0,0,0,0,0,0,0,0,0,0,0
SouthAfrica,2018,7,0,0,0,0,0,0,0,0,0,0,0,0,0
SouthAfrica,2018,8,0,0,0,0,0,0,0,0,0,0,0,0,0
SouthAfrica,2018,9,0,0,0,0,0,0,0,0,0,0,0,0,0
SouthAfrica,2018,10,0,0,0,0,0,0,0,0,0,0,0,0,0
SouthAfrica,2018,11,0,0,0,0,0,0,0,0,0,0,0,0,0
SouthAfrica,2018,12,0,0,0,0,0,0,0,0,0,0,0,0,0
SouthAfrica,2019,1,1,1,750000,170002,0,0,0,1,0,0,0,1,1
SouthAfrica,2019,2,0,0,0,0,0,0,0,0,0,0,0,0,0
SouthAfrica,2019,3,1,1,0,0,10,1,0,0,0,0,0,1,1
SouthAfrica,2019,4,1,1,1000,62964,73,1,0,0,0,0,0,1,1
SouthAfrica,2019,5,1,1,0,0,13,1,0,0,0,0,0,1,1
SouthAfrica,2019,6,0,0,0,0,0,0,0,0,0,0,0,0,0
SouthAfrica,2019,7,0,0,0,0,0,0,0,0,0,0,0,0,0
SouthAfrica,2019,8,0,0,0,0,0,0,0,0,0,0,0,0,0
SouthAfrica,2019,9,0,0,0,0,0,0,0,0,0,0,0,0,0
SouthAfrica,2019,10,0,0,0,0,0,0,0,0,0,0,0,0,0
SouthAfrica,2019,11,1,1,20,0,4,0,1,0,0,0,0,1,1
SouthAfrica,2019,12,1,1,3500,0,2,1,0,0,0,0,0,1,1
SouthAfrica,2020,1,0,0,0,0,0,0,0,0,0,0,0,0,0
SouthAfrica,2020,2,1,1,200,0,3,1,0,0,0,0,0,1,1
SouthAfrica,2020,3,0,0,0,0,0,0,0,0,0,0,0,0,0
SouthAfrica,2020,4,0,0,0,0,0,0,0,0,0,0,0,0,0
SouthAfrica,2020,5,0,0,0,0,0,0,0,0,0,0,0,0,0
SouthAfrica,2020,6,0,0,0,0,0,0,0,0,0,0,0,0,0
SouthAfrica,2020,7,0,0,0,0,0,0,0,0,0,0,0,0,0
SouthAfrica,2020,8,0,0,0,0,0,0,0,0,0,0,0,0,0
SouthAfrica,2020,9,0,0,0,0,0,0,0,0,0,0,0,0,0
SouthAfrica,2020,10,0,0,0,0,0,0,0,0,0,0,0,0,0
SouthAfrica,2020,11,1,1,210,0,10,0,1,0,0,0,0,1,1
SouthAfrica,2020,12,0,0,0,0,0,0,0,0,0,0,0,0,0
SouthAfrica,2021,1,1,1,3200,0,4,0,1,0,0,0,0,1,1
SouthAfrica,2021,2,1,1,400,89109,31,1,0,0,0,0,0,1,1
SouthAfrica,2021,3,1,1,12000000,0,0,0,0,1,0,0,0,1,1
SouthAfrica,2021,4,0,0,0,0,0,0,0,0,0,0,0,0,0
SouthAfrica,2021,5,0,0,0,0,0,0,0,0,0,0,0,0,0
SouthAfrica,2021,6,0,0,0,0,0,0,0,0,0,0,0,0,0
SouthAfrica,2021,7,0,0,0,0,0,0,0,0,0,0,0,0,0
SouthAfrica,2021,8,0,0,0,0,0,0,0,0,0,0,0,0,0
SouthAfrica,2021,9,0,0,0,0,0,0,0,0,0,0,0,0,0
SouthAfrica,2021,10,0,0,0,0,0,0,0,0,0,0,0,0,0
SouthAfrica,2021,11,0,0,0,0,0,0,0,0,0,0,0,0,0
SouthAfrica,2021,12,1,1,8837,0,23,0,1,0,0,0,0,1,1
SouthAfrica,2022,1,2,2,100,192513,11,2,0,0,0,0,0,1,1
SouthAfrica,2022,2,2,2,325,0,7,2,0,0,0,0,0,1,1
SouthAfrica,2022,3,0,0,0,0,0,0,0,0,0,0,0,0,0
SouthAfrica,2022,4,1,1,142290,3850271,544,1,0,0,0,0,0,1,1
SouthAfrica,2022,5,1,1,200,0,0,1,0,0,0,0,0,1,1
SouthAfrica,2022,6,1,1,204,0,0,1,0,0,0,0,0,1,1
SouthAfrica,2022,7,0,0,0,0,0,0,0,0,0,0,0,0,0
SouthAfrica,2022,8,0,0,0,0,0,0,0,0,0,0,0,0,0
SouthAfrica,2022,9,0,0,0,0,0,0,0,0,0,0,0,0,0
SouthAfrica,2022,10,0,0,0,0,0,0,0,0,0,0,0,0,0
SouthAfrica,2022,11,0,0,0,0,0,0,0,0,0,0,0,0,0
SouthAfrica,2022,12,1,1,56177,0,17,1,0,0,0,0,0,1,1
SouthAfrica,2023,1,0,0,0,0,0,0,0,0,0,0,0,0,0
SouthAfrica,2023,2,1,1,1000,0,17,1,0,0,0,0,0,1,1
SouthAfrica,2023,3,1,1,500,0,3,1,0,0,0,0,0,1,1
SouthAfrica,2023,4,0,0,0,0,0,0,0,0,0,0,0,0,0
SouthAfrica,2023,5,0,0,0,0,0,0,0,0,0,0,0,0,0
SouthAfrica,2023,6,1,1,150,0,5,0,1,0,0,0,0,1,1
SouthAfrica,2023,7,0,0,0,0,0,0,0,0,0,0,0,0,0
SouthAfrica,2023,8,0,0,0,0,0,0,0,0,0,0,0,0,0
SouthAfrica,2023,9,1,1,5000,0,11,1,0,0,0,0,0,1,1
SouthAfrica,2023,10,0,0,0,0,0,0,0,0,0,0,0,0,0
SouthAfrica,2023,11,0,0,0,0,0,0,0,0,0,0,0,0,0
SouthAfrica,2023,12,2,2,3017,0,35,1,1,0,0,0,0,1,1
SouthAfrica,2024,1,3,3,8819,10263,59,1,1,0,1,0,0,1,1
SouthAfrica,2024,2,0,0,0,0,0,0,0,0,0,0,0,0,0
SouthAfrica,2024,3,0,0,0,0,0,0,0,0,0,0,0,0,0
SouthAfrica,2024,4,1,1,13895,0,1,0,1,0,0,0,0,1,1
SouthAfrica,2024,5,0,0,0,0,0,0,0,0,0,0,0,0,0
SouthAfrica,2024,6,1,1,46620,51316,21,1,0,0,0,0,0,1,1
SouthAfrica,2024,7,0,0,0,0,0,0,0,0,0,0,0,0,0
SouthAfrica,2024,8,0,0,0,0,0,0,0,0,0,0,0,0,0
SouthAfrica,2024,9,0,0,0,0,0,0,0,0,0,0,0,0,0
SouthAfrica,2024,10,1,1,3090,0,10,1,0,0,0,0,0,1,1
SouthAfrica,2024,11,0,0,0,0,0,0,0,0,0,0,0,0,0
SouthAfrica,2024,12,0,0,0,0,0,0,0,0,0,0,0,0,0
