year,month,n_trading_days,realized_vol,mean_return,country,log_realized_vol
2010,1,18,0.04384789310853058,-0.003935370121672716,India,-3.1270286090142685
2010,2,19,0.05039260211191853,2.298401930423322e-4,India,-2.9879108981722453
2010,3,21,0.03361015190972347,0.0030811839666060707,India,-3.3929271174777864
2010,4,20,0.03703096149306669,8.818614422834159e-5,India,-3.2960009191475095
2010,5,21,0.06825978513987759,-0.0016951979189802028,India,-2.6844344831809943
2010,6,22,0.05398341493174495,0.0019847494375087853,India,-2.919078410485827
2010,7,22,0.028318583122001143,4.27821509553894e-4,India,-3.564237042410995
2010,8,22,0.030209877319277715,2.608361867979525e-4,India,-3.499586344522695
2010,9,21,0.04178093452767794,0.00525791882650131,India,-3.1753151552800833
2010,10,21,0.04807691662787108,-8.734822246971789e-5,India,-3.034953120847563
2010,11,20,0.05741142966495233,-0.0012922171998647868,India,-2.8575118723961928
2010,12,22,0.04276349878258283,0.002243844502763633,India,-3.15207037244529
2011,1,20,0.05534880947247219,-0.00562256786608506,India,-2.894100129137908
2011,2,20,0.06494085226514237,-0.00139523074709409,India,-2.7342783885077773
2011,3,22,0.061205770127714804,0.003958595229468287,India,-2.793513810775637
2011,4,18,0.04349775165212164,-8.906656227151267e-4,India,-3.1350460283813972
2011,5,22,0.05225171515832485,-0.0015282436722871297,India,-2.95168256267933
2011,6,22,0.04525603815677703,8.338986581297326e-4,India,-3.095419177809743
2011,7,21,0.04405061163392564,-0.001667907284960061,India,-3.1224160417037075
2011,8,21,0.071300082228745107,-0.004154864730458266,India,-2.640857798284219
2011,9,21,0.07307579508483275,-6.410250259190065e-4,India,-2.6162580876494546
2011,10,18,0.06999497202880409,0.004071868270061685,India,-2.6593318676724853
2011,11,20,0.05977808304805953,-0.004678614265787928,India,-2.8171161894176864
2011,12,21,0.06936788980949593,-0.0020165694107169545,India,-2.66833120140041
2012,1,20,0.056675418015552786,0.005330348236528071,India,-2.8704147069553514
2012,2,20,0.04680074625686313,0.001600105695442,India,-3.061856130526198
2012,3,21,0.0584724414085425,-9.440457772275041e-4,India,-2.8391997227741452
2012,4,19,0.03573348043023381,-2.588571506096459e-4,India,-3.331667202504281
2012,5,22,0.04608994602402973,-0.002983581503037478,India,-3.0771604433497823
2012,6,21,0.05243046433330304,0.003430347923387108,India,-2.948267476184708
2012,7,22,0.04009657408939898,-5.082315523077054e-4,India,-3.2164643824988977
2012,8,21,0.026226809000206998,3.977441489891614e-4,India,-3.6409731470899587
2012,9,19,0.042883161034099525,0.004026827836103776,India,-3.149276046790662
2012,10,20,0.031062211373989405,-6.905726892306947e-4,India,-3.4717632669514957
2012,11,19,0.03364200004920484,0.002321515395885553,India,-3.391979991149945
2012,12,20,0.02137680983604614,2.239315973351807e-4,India,-3.845448597051457
2013,1,22,0.028190676008587205,0.0010826586652886209,India,-3.5687639937042235
2013,2,20,0.03215685352805347,-0.002667129184981665,India,-3.4371296775158653
2013,3,19,0.03465878497634151,-7.195693168978511e-5,India,-3.3622040508099573
2013,4,20,0.04544833837219216,0.0017435544395046243,India,-3.091179018494682
2013,5,22,0.05200331846268799,5.930058353090078e-4,India,-2.956447745846748
2013,6,20,0.054167126231359705,-9.308911185296861e-4,India,-2.91568108164519
2013,7,23,0.04538106180079611,-1.1247649485027795e-4,India,-3.092660401913952
2013,8,20,0.07482622383561958,-0.0019124430135323502,India,-2.5925868694049354
2013,9,20,0.07910230027348474,0.002000422119764612,India,-2.5370133240563324
2013,10,21,0.04227542271686873,0.0041950694436741365,India,-3.1635493850311933
2013,11,19,0.046352878495791686,-9.348029996074294e-4,India,-3.071471885429537
2013,12,21,0.03622651139679625,8.596321510288317e-4,India,-3.317964069166902
2014,1,23,0.03795162553007052,-0.001370301828645591,India,-3.271442942590881
2014,2,19,0.029478657453582975,0.0015329395375426377,India,-3.5240887536212573
2014,3,20,0.03204691959061762,0.002911085180728091,India,-3.4405542128518065
2014,4,18,0.030237716711654983,7.819541341182044e-5,India,-3.4986652360884585
2014,5,21,0.04763746129422463,0.0036768370497989892,India,-3.044135825288925
2014,6,21,0.041799084527298025,0.002296315232374893,India,-3.1748808409520755
2014,7,22,0.037875710346459764,8.526022532488007e-4,India,-3.273445260306437
2014,8,19,0.03291054495770059,0.0014891634338687924,India,-3.41396215713328
2014,9,22,0.03637442057531665,-1.2969616922330145e-5,India,-3.313889482818268
2014,10,17,0.03864215269794214,0.0026672745692613536,India,-3.2534115595451905
2014,11,18,0.018115324388776437,0.0016270273048513634,India,-4.010997047603795
2014,12,20,0.03999288147493063,-0.002126139531963034,India,-3.219053803832251
2015,1,20,0.0551923003896476,0.002970984857771697,India,-2.8969318211229114
2015,2,19,0.034083349225253044,6.699346444377933e-5,India,-3.3789463064608514
2015,3,21,0.045120600086986463,-0.002103444431537294,India,-3.098416372080543
2015,4,19,0.037026232284326194,-0.0018120770098802108,India,-3.2961286368885068
2015,5,20,0.05389165098666692,0.0014901406133897232,India,-2.9207797112717024
2015,6,22,0.04387530919619148,-7.78310179931907e-5,India,-3.1264035500142953
2015,7,23,0.04133254366960239,5.191910331575089e-4,India,-3.1861051069953925
2015,8,21,0.07359837973290517,-0.0032077071617263326,India,-2.6091322679882003
2015,9,20,0.05550142007008482,-2.44594029650003e-4,India,-2.891346671708711
2015,10,20,0.03299532533487926,9.505762905099857e-4,India,-3.4113893840686993
2015,11,18,0.030745323435013648,-0.001075656402608871,India,-3.4820173797096556
2015,12,22,0.035101995465528814,-4.8932148426010664e-5,India,-3.3494972992564995
2016,1,19,0.04919776079717194,-0.0025745844032195554,India,-3.0119071687721917
2016,2,21,0.0608475230627349,-0.003719467192453778,India,-2.7993841660018317
2016,3,20,0.05264176828353684,0.004843819030123074,India,-2.944245400516796
2016,4,18,0.04116930101956419,5.774071651337333e-4,India,-3.1900624212515623
2016,5,22,0.04452413291736734,0.0018460000790441384,India,-3.11172392405853
2016,6,22,0.037244205825721965,5.61983710813346e-4,India,-3.2902588945582263
2016,7,20,0.028176904241409333,0.00191141980142131,India,-3.56925263513218
2016,8,22,0.030729679713757185,6.440687014740735e-4,India,-3.4825263254857552
2016,9,20,0.03483901180768258,-0.0010409261595225594,India,-3.3570174911290662
2016,10,18,0.03172186970920723,1.5041569270568544e-4,India,-3.450748939778379
2016,11,21,0.04823411484980983,-0.0022485134232781328,India,-3.031688731314567
2016,12,22,0.0356442797422292,-4.495968436972325e-5,India,-3.334166601034731
2017,1,21,0.02634057676694052,0.0018064665123773693,India,-3.636644685908237
2017,2,19,0.023852818054325393,0.002029690164012958,India,-3.7358529112137617
2017,3,22,0.028082653380027602,0.0013664220859504928,India,-3.572603210698038
2017,4,18,0.023883151752474283,5.559444229759809e-4,India,-3.734582016232283
2017,5,22,0.02794585730327112,0.001827533680406516,India,-3.577486308496256
2017,6,21,0.015217944188223486,-3.4400751223425833e-4,India,-4.18528000871886
2017,7,21,0.024863047965213818,0.0023925898661487856,India,-3.6943725952173154
2017,8,21,0.031241420841450977,-0.0011629335017688492,India,-3.466010473564398
2017,9,21,0.026987562957897823,-6.752475594268329e-4,India,-3.612379150289914
2017,10,20,0.02494957221099399,0.0029923694911795804,India,-3.6908986027835455
2017,11,22,0.027986217385671343,-8.736777294887147e-5,India,-3.576043126220978
2017,12,20,0.026009387779997936,0.0013503694532689184,India,-3.6492977376687263
2018,1,22,0.025086943365231724,0.002478010981128794,India,-3.6854077528394953
2018,2,19,0.04003295048005741,-0.0026730497540965914,India,-3.2180524019724674
2018,3,19,0.038971692257389154,-0.0019053068761732783,India,-3.244919735955681
2018,4,21,0.027370395187002988,0.0030648230233316113,India,-3.5982933173416787
2018,5,22,0.028563018059001122,2.0897420556947397e-4,India,-3.5556424727591196
2018,6,21,0.025579363428994462,1.3610304373978273e-4,India,-3.6659693686377874
2018,7,22,0.0236642938847482,0.002718367949502966,India,-3.743787954026061
2018,8,21,0.026342342742848808,0.0012971540369801423,India,-3.6365776442208975
2018,9,18,0.03640261757177247,-0.0035894800591663844,India,-3.313114595612506
2018,10,21,0.06284800160326535,-0.002406207364657829,India,-2.7670361407399318
2018,11,20,0.03379212167793638,0.0024811722587283922,India,-3.3875275901136193
2018,12,20,0.0425341957184232,-1.7432632297715897e-4,India,-3.1574469214335856
2019,1,22,0.032336005709582796,2.367641721616342e-4,India,-3.431573941750415
2019,2,19,0.027824815635075585,-5.681050216264083e-4,India,-3.581827007715774
2019,3,18,0.030907498530165674,0.0040008376333896655,India,-3.4767564536391045
2019,4,19,0.030017939280731463,6.592250888309192e-4,India,-3.5059601000120204
2019,5,22,0.05224858531146347,7.881124193962277e-4,India,-2.951742463882451
2019,6,19,0.03248057217981455,-4.252107569640589e-4,India,-3.4271131474702257
2019,7,23,0.0340209746028889,-0.0021648875476666237,India,-3.380778044485645
2019,8,20,0.0461163848574697,-1.9826824357398426e-4,India,-3.0765869722244967
2019,9,19,0.07036635477180192,0.001848579217646935,India,-2.6540400452292636
2019,10,19,0.03740887046197791,0.001952922180607187,India,-3.285847424556185
2019,11,20,0.023078352961198933,8.214894668601147e-4,India,-3.768860202055063
2019,12,21,0.025393137098324668,5.338768539420277e-4,India,-3.6732763344456894
2020,1,22,0.03544466432041957,-5.88031820050022e-4,India,-3.3397825501553355
2020,2,19,0.05713520515209981,-0.003232943242625999,India,-2.8623347997344446
2020,3,21,0.24043499089494033,-0.012478930818138018,India,-1.4253055341052945
2020,4,18,0.1287144953789535,0.007483278721177576,India,-2.050158541515151
2020,5,19,0.09157733844155509,-0.002058874758668482,India,-2.390571434835975
2020,6,22,0.05940221474204678,0.0033653413540848187,India,-2.8234237680889716
2020,7,23,0.047843640335830065,0.003228166248251193,India,-3.0398170782583795
2020,8,21,0.04453058563014118,0.0012760757335943396,India,-3.1115790083731993
2020,9,22,0.05491299792001857,-6.642135513443229e-4,India,-2.902005202204507
2020,10,21,0.04679657171330938,0.0018958180423585846,India,-3.0619453327308563
2020,11,19,0.046929211754465565,0.00570537845405676,India,-3.059114945514065
2020,12,22,0.043533484025709446,0.003564560180672981,India,-3.1342248892738738
2021,1,20,0.04518254121320538,-0.0015586160181682903,India,-3.0970445231051618
2021,2,20,0.07790106494978037,0.0029512117908336855,India,-2.55231565546999
2021,3,21,0.056225095445701756,3.951749184726975e-4,India,-2.878392083571249
2021,4,19,0.057428237760353974,-7.783531646326178e-4,India,-2.8572191495783983
2021,5,19,0.039704551312327106,0.0032984834298375176,India,-3.2262894552320693
2021,6,22,0.01976763986381056,4.747207013160448e-4,India,-3.9237090286016754
2021,7,21,0.025564462790553497,9.438549859112982e-5,India,-3.6665520641443226
2021,8,21,0.03249044441267203,0.004296656138801274,India,-3.4268092509498627
2021,9,21,0.02770988308444973,0.0012848173247979574,India,-3.5859661393709423
2021,10,20,0.0348870538056102,1.5246596108777825e-4,India,-3.3556394697217926
2021,11,20,0.04464352647456447,-0.0019268723623528494,India,-3.1090459659431446
2021,12,23,0.050118515821600026,8.965636953624347e-4,India,-2.9933647618907324
2022,1,20,0.04639942092443312,-2.0611758435737823e-4,India,-3.0704682999046766
2022,2,20,0.07802540024315333,-0.001546480839446041,India,-2.5507208611600998
2022,3,21,0.060723496679475235,0.0019256906140999572,India,-2.8014245606049477
2022,4,19,0.05207195443586564,-0.0013725577649290031,India,-2.955128777734218
2022,5,21,0.06456626574756592,-0.0012637965300863797,India,-2.7400632066386206
2022,6,22,0.05021878395843068,-0.0021331659129475832,India,-2.9913661398343856
2022,7,21,0.03980437854276089,0.003921747928043626,India,-3.223778359105593
2022,8,20,0.04061541376084018,0.0016796603896530368,India,-3.203607635141226
2022,9,22,0.04481142217235116,-0.0016402697013336756,India,-3.105292212853505
2022,10,19,0.03970320143980651,0.0029577753054887148,India,-3.2263234537391154
2022,11,21,0.02911882611417454,0.0018097262682077984,India,-3.53637036847944
2022,12,22,0.032969771302428535,-0.0016570725409278905,India,-3.412164158457935
2023,1,21,0.033708733984779325,-0.0010211910389279703,India,-3.38999830651441
2023,2,20,0.028504742196637324,-4.959683967419079e-4,India,-3.5576848126848217
2023,3,21,0.03862223843173625,2.373687860431585e-5,India,-3.2539270432332312
2023,4,17,0.0196613168043667,0.0020777513119499503,India,-3.9291021876471635
2023,5,22,0.02661554121757675,0.0011093177278160029,India,-3.626259977505867
2023,6,21,0.023508519292644237,0.0015679781881811966,India,-3.7503924004363984
2023,7,21,0.026424922850609413,0.0013128561165032357,India,-3.6334476667907634
2023,8,22,0.02094928266734519,-0.0011739894990418645,India,-3.865650873422387
2023,9,20,0.02469292682556493,7.630620274724724e-4,India,-3.7012384396954676
2023,10,20,0.031028291145315533,-0.001506225167982311,India,-3.4728558730884096
2023,11,20,0.022441864250131168,0.0023796541065451036,India,-3.796827124678033
2023,12,20,0.03611609835777514,0.003773872403201662,India,-3.321016575155544
2024,1,20,0.04503167006038639,-3.3901123865627303e-4,India,-3.1003892576285104
2024,2,21,0.025606504298210514,4.939715960732812e-4,India,-3.6649088856191425
2024,3,18,0.03074339712436729,8.751020674741104e-4,India,-3.482080035449748
2024,4,20,0.029089880295564773,5.612740308384546e-4,India,-3.537364921452047
2024,5,21,0.03004759979374313,-3.3456295574804245e-4,India,-3.5049724949433068
2024,6,19,0.08000662432574515,0.0034905197120686368,India,-2.525645843664509
2024,7,22,0.02501825491418974,0.0015317222886850536,India,-3.688149524010154
2024,8,21,0.04064939388032409,3.6238392381465995e-4,India,-3.2027713537926172
2024,9,21,0.03379352896478629,0.0011052043040172981,India,-3.3874859455681654
2024,10,22,0.0339391953191166,-0.0027281210559097443,India,-3.3831847283812015
2024,11,19,0.04359865399516679,2.735709277705253e-4,India,-3.132729000774175
2024,12,20,0.03152588888949476,-9.836743594210159e-4,India,-3.456946201192588
2010,1,19,0.03941287805362473,-9.155275407328745e-4,Philippines,-3.2336626619305187
2010,2,19,0.058445249796248454,0.0015897060646444755,Philippines,-2.8396648638918682
2010,3,23,0.039675782232203194,0.001654400728549586,Philippines,-3.227014296766462
2010,4,19,0.04637528511300002,0.0020933395327681877,Philippines,-3.0709886100842176
2010,5,20,0.07389656378788263,-2.645237220720621e-4,Philippines,-2.6050889502432524
2010,6,20,0.0415918232750673,0.0015046045345098234,Philippines,-3.179851686922365
2010,7,21,0.032653015154149964,7.597148083036976e-4,Philippines,-3.421818079770044
2010,8,20,0.03496705374486317,0.001991920895015298,Philippines,-3.3533489823894427
2010,9,21,0.0513852338918745,0.006642616199134432,Philippines,-2.968404426161553
2010,10,20,0.034461265875013816,0.0020157423172713074,Philippines,-3.367919313936803
2010,11,18,0.058932957846887894,-0.00425927559507539,Philippines,-2.8313547888433375
2010,12,20,0.05240298527078645,0.0030352042898957876,Philippines,-2.9487917184613806
2011,1,21,0.05510459348846579,-0.0037686659926473944,Philippines,-2.898522199901215
2011,2,20,0.04566720712585833,-0.0015003341240413803,Philippines,-3.086374807019343
2011,3,23,0.046035949125493573,0.003207735645912233,Philippines,-3.0783326849791712
2011,4,19,0.03973528866429833,0.0033240395376757407,Philippines,-3.225515602880046
2011,5,22,0.03518828444165596,-7.947691212452794e-4,Philippines,-3.347042080139784
2011,6,21,0.03819709942714651,5.196072354588785e-4,Philippines,-3.26499569747906
2011,7,21,0.0316025211181578,0.0023007122720133605,Philippines,-3.4545183793515193
2011,8,21,0.07098059015553682,-0.001669177007950345,Philippines,-2.6453488174064543
2011,9,21,0.09574436839212888,-0.003982104865823457,Philippines,-2.346073468399097
2011,10,20,0.062199755506412706,0.004010975069818912,Philippines,-2.7774042100097978
2011,11,19,0.03774238614626194,-0.0015114021770290416,Philippines,-3.276971515119317
2011,12,21,0.026473663765360624,0.001785796361376176,Philippines,-3.6316048603317372
2012,1,20,0.04636181831612917,0.0034303983429361477,Philippines,-3.0712790396203484
2012,2,21,0.053020843963616025,0.0021398132774763552,Philippines,-2.9370701604128633
2012,3,22,0.04014936932664179,0.0019090752742916676,Philippines,-3.215148546641958
2012,4,18,0.024227150375962635,0.001023482457927333,Philippines,-3.720281358335244
2012,5,22,0.06432503398716632,-9.844673196289279e-4,Philippines,-2.7438063924481053
2012,6,20,0.05958986773397929,0.0015012292955081988,Philippines,-2.8202697238266645
2012,7,22,0.040834968007734535,5.275931464320358e-4,Philippines,-3.1982165056242797
2012,8,19,0.027803323410215252,-0.0011171315768533185,Philippines,-3.5825997183006892
2012,9,20,0.027022326307419103,0.0014220840933594657,Philippines,-3.611091854396707
2012,10,22,0.022962249644713773,6.618279089596742e-4,Philippines,-3.7739037312890593
2012,11,19,0.021716737907712107,0.002054543578875281,Philippines,-3.829671983606856
2012,12,18,0.03857378497713306,0.0016714729174841147,Philippines,-3.2551823789053698
2013,1,22,0.03485992565614617,0.0032440381913525296,Philippines,-3.356417371533208
2013,2,20,0.036550731258467334,0.003694235603929297,Philippines,-3.3090540859148785
2013,3,19,0.055082374280759065,9.776507038974259e-4,Philippines,-2.8989255000093443
2013,4,21,0.04482898135743638,0.0015295827080375128,Philippines,-3.1049004434143153
2013,5,21,0.05874542469142886,-3.314063806528511e-4,Philippines,-2.834542006583186
2013,6,19,0.1399783601681099,-0.004347089636838265,Philippines,-1.9662674385478278
2013,7,23,0.05359842318361096,0.0011536170814195651,Philippines,-2.9262356295543186
2013,8,17,0.0972611201590054,-0.0052217384278771305,Philippines,-2.3303559569125745
2013,9,21,0.06276823634562866,9.055179810856613e-4,Philippines,-2.7683061241379376
2013,10,21,0.03944248369767437,0.002934582597913725,Philippines,-3.232911777151522
2013,11,20,0.04182865623028858,-0.002944060431106443,Philippines,-3.1741736185888927
2013,12,18,0.04512607718465989,-0.0029302045210752355,Philippines,-3.098294991485806
2014,1,21,0.044610843560205324,0.00120827760485831,Philippines,-3.1097783203546356
2014,2,18,0.040551116475170124,0.003421895279401571,Philippines,-3.2051919655033223
2014,3,21,0.03361537231271282,2.7560760782664595e-5,Philippines,-3.3927718073315223
2014,4,19,0.03408587319206874,0.0022375558529182183,Philippines,-3.378872256421043
2014,5,21,0.033287024820597096,-4.2971601985981785e-4,Philippines,-3.4025876029542017
2014,6,20,0.02611087935473097,0.0014577151661187672,Philippines,-3.645403217989848
2014,7,21,0.022793852189520233,1.4248191157719607e-4,Philippines,-3.7812644201918775
2014,8,19,0.03029203457030199,0.0014075827946710081,Philippines,-3.496870486495837
2014,9,21,0.02872540577677863,0.0015427904151037028,Philippines,-3.5499733290884805
2014,10,22,0.03955020295281913,-4.222327453967363e-4,Philippines,-3.23018445323122
2014,11,20,0.028324939781176436,5.420418706766129e-4,Philippines,-3.564012598065863
2014,12,17,0.04807680275377298,-5.168450364605973e-4,Philippines,-3.034955489431926
2015,1,18,0.031023002552782477,0.0034217357645779005,Philippines,-3.4730263318244226
2015,2,19,0.025778568091035414,2.77552704587747e-4,Philippines,-3.658211826418055
2015,3,22,0.023685980105331236,0.0012178368326858776,Philippines,-3.7428719626168503
2015,4,19,0.03530634903626897,-0.001517467002510255,Philippines,-3.3436924718312557
2015,5,20,0.03491722275662499,-8.784618176537867e-4,Philippines,-3.354775082770763
2015,6,21,0.04203347892772527,-1.003644510709938e-4,Philippines,-3.1692888609012653
2015,7,22,0.03422777314234648,-8.721201443789362e-5,Philippines,-3.3747178842867154
2015,8,19,0.0781168745125396,-0.0032431768144950235,Philippines,-2.5495491825740886
2015,9,21,0.041584406955949026,-0.0013942222424396054,Philippines,-3.180030014771976
2015,10,22,0.04599548853197404,0.0015572713600430724,Philippines,-3.0792119626946164
2015,11,17,0.04113579872759064,-0.0017336238387413686,Philippines,-3.1908765213237764
2015,12,19,0.0389378350862226,1.896852308285297e-4,Philippines,-3.2457888767258094
2016,1,20,0.0942706553550739,-0.001939142487414357,Philippines,-2.361585321703961
2016,2,19,0.04617751180475578,-1.30646211869546e-4,Philippines,-3.075262356872138
2016,3,21,0.0456357029272424,0.0040438443578190795,Philippines,-3.087064909883489
2016,4,21,0.021391104314766263,-6.802707072024885e-4,Philippines,-3.844780129601676
2016,5,21,0.05876947161389481,0.0015850170461064637,Philippines,-2.8341327491433614
2016,6,22,0.04890939642391503,0.0023612104190051464,Philippines,-3.0177857450526098
2016,7,20,0.02959322591073388,0.0010588406820547294,Philippines,-3.5202097982103777
2016,8,22,0.032620601070808344,-0.001014383479459127,Philippines,-3.4228112555087478
2016,9,21,0.047740927770721274,-9.738452334193681e-4,Philippines,-3.0419662244370516
2016,10,20,0.047910448210640486,-0.0014962035628032664,Philippines,-3.038421672868072
2016,11,20,0.06461656508048785,-0.004398712980842845,Philippines,-2.7392844756704045
2016,12,20,0.05942028263700978,4.3635788680651544e-4,Philippines,-2.823119652361718
2017,1,21,0.05102392730722699,0.002633846322954778,Philippines,-2.9754605933935037
2017,2,20,0.0283852772572788,-1.2166422560593296e-4,Philippines,-3.561884674667895
2017,3,23,0.03480851399050925,5.965117502044663e-4,Philippines,-3.3578932672251467
2017,4,17,0.03226695319189115,0.0027450168976731666,Philippines,-3.4337116934931595
2017,5,22,0.0316341224583254,0.0010330735713109235,Philippines,-3.4535189163499767
2017,6,20,0.03085757138522506,3.852053077428816e-5,Philippines,-3.47837313296557
2017,7,21,0.02500238666070931,0.001050161703353613,Philippines,-3.6887839922421932
2017,8,22,0.023697519356245006,-3.3845143626131226e-4,Philippines,-3.7423849048320514
2017,9,18,0.03384879428752308,0.0014663686789523956,Philippines,-3.385851899533771
2017,10,20,0.02821391922870511,0.001172172239813829,Philippines,-3.567939833142987
2017,11,21,0.0423271913247822,-6.374200859358244e-4,Philippines,-3.162325578533934
2017,12,19,0.03514531129586293,0.001906000049044802,Philippines,-3.3482640609212257
2018,1,21,0.04324279881486167,0.0011303792860128201,Philippines,-3.1409245608576257
2018,2,19,0.04447434908318695,-0.00176308739976016,Philippines,-3.112842681103681
2018,3,20,0.05397460304535949,-0.0030118874181888516,Philippines,-2.9192416570249935
2018,4,20,0.045212041943872947,-0.0010164254663403759,Philippines,-3.096391812938588
2018,5,21,0.05349547749880522,-0.0020030004388220026,Philippines,-2.928158161385882
2018,6,19,0.0607537140806227,-0.0021748791168912174,Philippines,-2.8009270615006856
2018,7,22,0.042298208476492107,0.002926110813362389,Philippines,-3.163010546628415
2018,8,21,0.05353913698174155,0.0011268236045219506,Philippines,-2.9273423601505595
2018,9,20,0.05597828778263755,-0.003827335348107663,Philippines,-2.882791381596297
2018,10,23,0.05722014683375699,-8.235010377395291e-4,Philippines,-2.860849225236989
2018,11,19,0.0459198080367912,0.0016511864796579013,Philippines,-3.080858707363031
2018,12,18,0.05111396090205878,7.353381977737901e-4,Philippines,-2.9736976116101563
2019,1,22,0.05223329826955916,0.00318245663203291,Philippines,-2.952035089579643
2019,2,18,0.04220035273409561,-0.002135722786744035,Philippines,-3.165326699347246
2019,3,21,0.040222361039584695,0.0013131228426154166,Philippines,-3.213332193238148
2019,4,19,0.027502839693921186,2.108091551637344e-4,Philippines,-3.593466018043589
2019,5,21,0.04593054457269887,1.0347503595086863e-4,Philippines,-3.0806249241351704
2019,6,18,0.031844251063857174,2.0656994157697284e-4,Philippines,-3.446898413605967
2019,7,23,0.042706357611417424,2.497792152521791e-4,Philippines,-3.1534074796334743
2019,8,19,0.05367102995452041,-4.344398596407207e-4,Philippines,-2.924881902470354
2019,9,21,0.026251076420241052,-0.0012123376350250186,Philippines,-3.640048284299874
2019,10,23,0.039982221836686024,0.0010930741228118213,Philippines,-3.2193203777500417
2019,11,20,0.03198915025589087,-0.0015155056914024634,Philippines,-3.4423584881777947
2019,12,18,0.04288814733963192,5.450468879058966e-4,Philippines,-3.149159777011582
2020,1,21,0.05458940518601852,-0.003899401132388629,Philippines,-2.907915459272407
2020,2,19,0.06719264970235592,-0.003107771714753732,Philippines,-2.7001914168646266
2020,3,20,0.2343393273227219,-0.012171932896592262,Philippines,-1.4509850972646314
2020,4,20,0.12084042102482731,0.0034443158078892645,Philippines,-2.113284438318566
2020,5,19,0.0702540741194987,0.001260072355178017,Philippines,-2.6556369778662914
2020,6,21,0.0919009369210876,0.002917219494363484,Philippines,-2.3870440546660707
2020,7,22,0.05740094691852241,-0.002092312998993393,Philippines,-2.857694478954318
2020,8,19,0.0557206152463585,-3.944963570751191e-4,Philippines,-2.8874050883806213
2020,9,22,0.045339879555284054,-1.5437269939462702e-4,Philippines,-3.093568290384358
2020,10,22,0.05783062950005964,0.00343093915679676,Philippines,-2.8502367215166013
2020,11,18,0.07491786164857704,0.003976175586189989,Philippines,-2.5913629436104637
2020,12,19,0.048058054100994535,0.0026319062638263716,Philippines,-3.0353455384449384
2021,1,20,0.05506223004557874,-0.0038346095809703067,Philippines,-2.899291277988722
2021,2,18,0.05086308864493467,0.0015103589830855024,Philippines,-2.978617792461339
2021,3,23,0.05737664199274629,-0.0023112264969044013,Philippines,-2.858117992400975
2021,4,19,0.04200877056828975,-5.93271478728534e-4,Philippines,-3.16987685944475
2021,5,20,0.06050685538585811,0.0019820502308475867,Philippines,-2.8049986082017355
2021,6,22,0.04350509184509112,0.0018373248433364805,Philippines,-3.1348772938276324
2021,7,21,0.06632585898760386,-0.004570722574193553,Philippines,-2.7131754278532987
2021,8,21,0.07253812205287552,0.004249021698077135,Philippines,-2.6236430338981758
2021,9,22,0.03076532208671721,6.415207383551968e-4,Philippines,-3.4813671295866535
2021,10,21,0.04746752841995891,6.922925560283756e-4,Philippines,-3.047709413922305
2021,11,20,0.03841689314302719,0.0010254567724435229,Philippines,-3.259257990527685
2021,12,21,0.06272356751855647,-5.20295319660981e-4,Philippines,-2.76901802447857
2022,1,20,0.04507396813902214,0.0016503528171715406,Philippines,-3.0994504022452523
2022,2,18,0.051406733226732865,-3.834822265461491e-4,Philippines,-2.967986118471283
2022,3,23,0.07928892118235553,-6.442832548175943e-4,Philippines,-2.534656867763963
2022,4,19,0.05322585147578006,-0.0035685274879476304,Philippines,-2.9332110706644197
2022,5,20,0.05953230821237417,3.21564860109369e-4,Philippines,-2.821236118633131
2022,6,22,0.06730282712956251,-0.004357159612298374,Philippines,-2.6985530353450757
2022,7,21,0.04784075666751267,0.0012257330259668464,Philippines,-3.039877352836233
2022,8,22,0.055047219928665056,0.0018870112161536346,Philippines,-2.899563917930347
2022,9,21,0.073505881644897,-0.00652112926019866,Philippines,-2.610389853585415
2022,10,20,0.05936321340601304,0.0034682052500679458,Philippines,-2.824080547389882
2022,11,20,0.04465618816685042,0.004854121470336458,Philippines,-3.108762388500111
2022,12,19,0.06259694433448944,-0.0016909406773280011,Philippines,-2.7710388146155474
2023,1,21,0.053949914648228195,0.0016173922425388515,Philippines,-2.9196991693324756
2023,2,20,0.04915937195701862,-0.001775913775487403,Philippines,-3.0126877698537333
2023,3,23,0.0453800561914317,-3.764445499145222e-4,Philippines,-3.0926825613889934
2023,4,16,0.02510680196633072,0.0011943429436437336,Philippines,-3.6846164748822927
2023,5,22,0.037224242542824755,-0.0010249754648512521,Philippines,-3.290795048696329
2023,6,21,0.0350207655452858,-6.834580220518752e-5,Philippines,-3.351814092132472
2023,7,21,0.03413996997105932,8.999373568237835e-4,Philippines,-3.3772864411985575
2023,8,21,0.051743052228967225,-0.0031060501885323156,Philippines,-2.9614651122949396
2023,9,21,0.03955687146166836,0.0011126695713389472,Philippines,-3.2300158587303014
2023,10,21,0.03666291824414565,-0.00269217007706197,Philippines,-3.3059894367887614
2023,11,19,0.030187366776349454,0.002157344496312026,Philippines,-3.500331760784899
2023,12,18,0.037462685504706425,0.0019842742255992752,Philippines,-3.2844098946077
2024,1,22,0.03820836189692232,0.001363410262106916,Philippines,-3.2647008894990495
2024,2,20,0.027724790391514265,0.00219494244444336,Philippines,-3.585428306044285
2024,3,19,0.03905117736133295,-3.1301943077170145e-4,Philippines,-3.2428822530527923
2024,4,20,0.05038677317195519,-0.001492607541784086,Philippines,-2.988026575411828
2024,5,22,0.04051890437506531,-0.0018510973043033086,Philippines,-3.205986639082092
2024,6,18,0.044368593358965085,-1.8329608332508707e-4,Philippines,-3.1152234166188695
2024,7,22,0.04074488762238545,0.0014454841737795731,Philippines,-3.2004249042850437
2024,8,20,0.049315129077122155,0.002060347864992274,Philippines,-3.0095243671787713
2024,9,21,0.0430194737519947,0.0025217091158494112,Philippines,-3.146102387853479
2024,10,23,0.045242223802270505,-7.823248952480405e-4,Philippines,-3.095724473277629
2024,11,20,0.06429399462495707,-0.0038480650449024267,Philippines,-2.7442890482906623
2024,12,18,0.03948007714284093,-7.191286901464784e-4,Philippines,-3.2319591104460974
2010,1,19,0.03803423293664077,7.181652354547419e-4,Indonesia,-3.2692686580389623
2010,2,19,0.04748692801938356,-0.0012600550577349134,Indonesia,-3.047300805407823
2010,3,22,0.05061913272593067,0.003898431363659618,Indonesia,-2.9834256570437234
2010,4,21,0.0488790454539208,0.003214470097731194,Indonesia,-3.0184064926662537
2010,5,19,0.11857820583602377,-0.0031816531855890155,Indonesia,-2.132182571227031
2010,6,22,0.06020199876521572,0.0018584676256135813,Indonesia,-2.8100497251385432
2010,7,22,0.03315121255802714,0.0023647595583469994,Indonesia,-3.4066759850998505
2010,8,21,0.04471567121009971,1.9514354922294064e-4,Indonesia,-3.1074312524479524
2010,9,17,0.057375786589902986,0.007505422587805994,Indonesia,-2.858132901067465
2010,10,21,0.03420635787330492,0.0017888078131387585,Indonesia,-3.375343749463134
2010,11,21,0.051082775481771064,-0.0013836834589719428,Indonesia,-2.9743079133156543
2010,12,20,0.05352036301386171,0.0023820362880980104,Indonesia,-2.9276930804149557
2011,1,21,0.08187835943137373,-0.003943503010587943,Indonesia,-2.5025205546455935
2011,2,18,0.038707381632383756,9.88158489535805e-4,Indonesia,-3.251724957280057
2011,3,23,0.042217105824695976,0.0025346758892904366,Indonesia,-3.1649297887767003
2011,4,20,0.02732064041037984,0.0018798990405542784,Indonesia,-3.600112803471568
2011,5,21,0.036694505316309606,2.158035021744908e-4,Indonesia,-3.3051282540322515
2011,6,20,0.03500497503621868,6.679488315874063e-4,Indonesia,-3.352265083702247
2011,7,21,0.03735496112805344,0.0028776111925263963,Indonesia,-3.287289548163843
2011,8,19,0.09011211542311796,-0.0038183164931867627,Indonesia,-2.406700657002337
2011,9,20,0.12360414164335473,-0.003962409649622511,Indonesia,-2.0906712260785607
2011,10,21,0.10214712820539655,0.0031387908549715526,Indonesia,-2.281341071619361
2011,11,22,0.06422713416680727,-9.176951839107966e-4,Indonesia,-2.7453295070044947
2011,12,21,0.03831634138625234,0.0013510272672321933,Indonesia,-3.261878805744102
2012,1,21,0.03778890605008124,0.0014685058272668702,Indonesia,-3.275739710172022
2012,2,21,0.04543641768727083,5.228399472643831e-4,Indonesia,-3.0914413437845667
2012,3,21,0.026107142565753385,0.0016018772155343337,Indonesia,-3.6455463405688557
2012,4,20,0.029932672122051796,7.128461877783821e-4,Indonesia,-3.508804682049817
2012,5,21,0.04989926139675149,-0.004137357150924172,Indonesia,-2.9977490780025167
2012,6,21,0.06889119460324872,0.0015011699683208,Indonesia,-2.67522690879217
2012,7,22,0.04287933552732526,0.0020969858915234466,Indonesia,-3.1493652584374816
2012,8,19,0.029898500070390095,-0.0010524028329662188,Indonesia,-3.509946964713692
2012,9,20,0.038554789442854065,0.002430283323675298,Indonesia,-3.2556749469271673
2012,10,22,0.021864922650422555,9.260264156761944e-4,Indonesia,-3.822871631721381
2012,11,20,0.02475458683425947,-8.5958696977837e-4,Indonesia,-3.698744480501551
2012,12,18,0.018841662597265434,5.24285112594293e-4,Indonesia,-3.9716847654650724
2013,1,21,0.033208619454641146,0.0014879906984446515,Indonesia,-3.404945814627941
2013,2,20,0.029400651217961354,0.0037001133294327637,Indonesia,-3.5267384546120204
2013,3,19,0.039888183281927156,0.0015698303932293854,Indonesia,-3.2216751572975535
2013,4,22,0.028375159491268776,8.483649679958653e-4,Indonesia,-3.5622411823587012
2013,5,22,0.04982439324848668,3.109623052512137e-4,Indonesia,-2.9992505906094755
2013,6,19,0.09993275902003058,-0.0026592364917365,Indonesia,-2.3032577289626004
2013,7,23,0.07006726448178865,-0.0019232650316558136,Indonesia,-2.658299577153566
2013,8,17,0.09069205862209424,-0.005552647019500553,Indonesia,-2.4002854822313417
2013,9,21,0.0928498813767917,0.0013550046103414464,Indonesia,-2.3767712687632185
2013,10,21,0.03650560691167976,0.002098448406350091,Indonesia,-3.310289416172493
2013,11,20,0.047190266966534763,-0.0029002425867039605,Indonesia,-3.0535676159906173
2013,12,19,0.042193005620231525,2.1890772862236577e-4,Indonesia,-3.165500815273568
2014,1,20,0.05699901817581977,0.0016633416856008058,Indonesia,-2.864721236281557
2014,2,20,0.03335041908104389,0.0022291568138146367,Indonesia,-3.400684940551215
2014,3,20,0.04948568248798961,0.0015771776926923663,Indonesia,-3.0060718939130973
2014,4,20,0.04765835473197853,7.47993193083563e-4,Indonesia,-3.0436973288478444
2014,5,18,0.03846838315176218,6.136862084768305e-4,Indonesia,-3.257918591909014
2014,6,21,0.026942913271544803,-1.493628429047346e-4,Indonesia,-3.6140349745909863
2014,7,18,0.03406139416360898,0.002343769703693531,Indonesia,-3.379590672007242
2014,8,20,0.023889977285877717,4.700019030940972e-4,Indonesia,-3.734296268424372
2014,9,22,0.027865788975871497,6.3382032424928e-6,Indonesia,-3.5803555441367694
2014,10,23,0.047673563954539866,-4.083939411949039e-4,Indonesia,-3.043378249511145
2014,11,20,0.02430260470479977,5.893089851542578e-4,Indonesia,-3.7171717448820853
2014,12,20,0.03127354330351108,7.426117043919154e-4,Indonesia,-3.4649828007399304
2015,1,21,0.030888176032227977,5.656294721636321e-4,Indonesia,-3.4773818209873615
2015,2,19,0.02259932646200538,0.0015770567959765048,Indonesia,-3.7898351757141358
2015,3,22,0.03068831094445937,5.667349369165625e-4,Indonesia,-3.483873447887859
2015,4,21,0.04943686902812692,-0.0038839295460721106,Indonesia,-3.0070587965571653
2015,5,19,0.026027379986849772,0.0013278008493417866,Indonesia,-3.648606218639357
2015,6,21,0.0460925223052948,-0.0028759769769231736,Indonesia,-3.0771045480952415
2015,7,19,0.0386127841394729,-0.0011718597180701363,Indonesia,-3.254171862021284
2015,8,20,0.08771148902894566,-0.003146627487601617,Indonesia,-2.433702384433436
2015,9,21,0.05482444454543876,-0.003116626273243892,Indonesia,-2.903619116139654
2015,10,21,0.07093677861378889,0.002538410645837156,Indonesia,-2.6459662406791606
2015,11,21,0.04568954099657025,-9.331638904340253e-5,Indonesia,-3.0858858694944016
2015,12,19,0.04741402467920182,0.0017066971053831587,Indonesia,-3.048837214736701
2016,1,20,0.0447123724852887,2.4060372238796592e-4,Indonesia,-3.107505026281667
2016,2,20,0.04745080076386786,0.0016599776624078182,Indonesia,-3.048061878117747
2016,3,21,0.027028480187025687,7.37000564295476e-4,Indonesia,-3.610864147169663
2016,4,21,0.027395503675777498,-6.675611714342041e-5,Indonesia,-3.5973763784780752
2016,5,20,0.030081698113009134,-4.329250758629223e-4,Indonesia,-3.5038383282688836
2016,6,22,0.033626594505187714,0.0020362947608743424,Indonesia,-3.3924380219558063
2016,7,16,0.036830603332995836,0.002435488580948997,Indonesia,-3.30142616709551
2016,8,22,0.04285606586499798,0.0014585715775125119,Indonesia,-3.149908083513722
2016,9,21,0.04309364886285642,-1.884956430892933e-4,Indonesia,-3.1443796509011017
2016,10,21,0.02682527540556879,5.116087501771157e-4,Indonesia,-3.618410723768076
2016,11,22,0.06264273509583201,-0.0023536198008036794,Indonesia,-2.7703075645262576
2016,12,20,0.040678375492895304,0.0014150488977226598,Indonesia,-3.2020586424021205
2017,1,21,0.017844299201555353,-2.345168196501608e-5,Indonesia,-4.02607119422862
2017,2,19,0.01662773148009012,9.125201597934607e-4,Indonesia,-4.0966834063816195
2017,3,22,0.024007367949629047,0.0015056138493506923,Indonesia,-3.7293944978471942
2017,4,17,0.022957523646098894,0.001225209757349913,Indonesia,-3.7741095684826202
2017,5,20,0.0329938004626657,4.627087142155873e-4,Indonesia,-3.4114355999321586
2017,6,15,0.022836919750700187,0.001055281469022873,Indonesia,-3.779376765342439
2017,7,21,0.025934267320897608,9.165004202781362e-5,Indonesia,-3.6521901221697854
2017,8,22,0.025247416567106874,1.7956701575530808e-4,Indonesia,-3.6790314426692055
2017,9,19,0.01762624975814828,3.2921299724289607e-4,Indonesia,-4.0383660245339446
2017,10,22,0.0211335945537242,8.011794516280739e-4,Indonesia,-3.8568913456971394
2017,11,22,0.024586737605098472,-4.0784187302887146e-4,Indonesia,-3.7055481031661652
2017,12,19,0.026595548231234223,0.003452329828066705,Indonesia,-3.6270114369287225
2018,1,22,0.03506773369604713,0.001753530249319255,Indonesia,-3.3504738392150775
2018,2,19,0.0316448220169918,-6.70755333120652e-5,Indonesia,-3.4531807451349827
2018,3,21,0.03971617265011832,-0.0030417437184149026,Indonesia,-3.225996802702746
2018,4,21,0.04974304509382613,-0.00151967270711571,Indonesia,-3.0008846222590844
2018,5,20,0.06000204598031111,-9.190295958134711e-5,Indonesia,-2.813376617669565
2018,6,13,0.04594493710808306,-0.0024072216178611197,Indonesia,-3.0803116188824826
2018,7,22,0.04430814161000109,0.0010628993286280904,Indonesia,-3.1165868352957005
2018,8,21,0.05328321832114166,6.53395019272196e-4,Indonesia,-2.9321338506489156
2018,9,19,0.0571149729804016,-3.6775729119426203e-4,Indonesia,-2.862688972869934
2018,10,23,0.044458287642249364,-0.0010671328337389524,Indonesia,-3.113203885757082
2018,11,21,0.04317397766782866,0.0017985729959459798,Indonesia,-3.1425173340293098
2018,12,18,0.03028732765261314,0.0012550828287078986,Indonesia,-3.4970258832357692
2019,1,22,0.024380617165624365,0.0024181845866912154,Indonesia,-3.71396684082676
2019,2,19,0.029478039888516713,-7.270128392529745e-4,Indonesia,-3.5241097034062396
2019,3,20,0.03046016346269378,1.9676710305658335e-4,Indonesia,-3.4913355650589435
2019,4,19,0.028916649432683624,-1.0916227615195082e-4,Indonesia,-3.543337744811342
2019,5,21,0.049487439543685785,-0.0018519445729777333,Indonesia,-3.0060363881988126
2019,6,15,0.026225457304034666,0.001586269821066466,Indonesia,-3.641024687138383
2019,7,23,0.025014738309697818,2.1741318826568783e-4,Indonesia,-3.688290095431975
2019,8,22,0.039456799583317506,-4.433973606769603e-4,Indonesia,-3.232548887016024
2019,9,21,0.031429456486042236,-0.0012145353391137428,Indonesia,-3.4600097211620744
2019,10,23,0.0339025464670477,4.1534096961146923e-4,Indonesia,-3.384265150394819
2019,11,21,0.02975734390102786,-0.0016846155810179243,Indonesia,-3.514679323637826
2019,12,19,0.02804826455157285,0.0024603820174690623,Indonesia,-3.5738285187465975
2020,1,22,0.03531513646667981,-0.0026708762217078886,Indonesia,-3.3434436118591493
2020,2,20,0.04474592514530572,-0.004280276905530389,Indonesia,-3.1067548966127814
2020,3,21,0.18635065856530583,-0.008734300517444026,Indonesia,-1.6801251190394715
2020,4,21,0.09301380825990573,0.0018264312857631986,Indonesia,-2.3750073209373737
2020,5,16,0.040851477566665725,4.91144644926722e-4,Indonesia,-3.197812287787651
2020,6,21,0.06583179202966712,0.001496681670773844,Indonesia,-2.7206523957907285
2020,7,22,0.03229267114897151,0.002208602235260073,Indonesia,-3.432914973911739
2020,8,18,0.04537460673892954,9.504669649269297e-4,Indonesia,-3.092802653345324
2020,9,22,0.07788247763911452,-0.0033150328647604255,Indonesia,-2.552554285436226
2020,10,19,0.0339107894637225,0.0027188240181167684,Indonesia,-3.3840220419677736
2020,11,21,0.058539548582622475,0.004296261937799105,Indonesia,-2.8380527090118384
2020,12,19,0.05070999206978973,0.0033307612937947496,Indonesia,-2.9816323055587803
2021,1,20,0.05995565121264489,-9.857341408109992e-4,Indonesia,-2.814150136519379
2021,2,19,0.04225919768560838,0.003300897278788507,Indonesia,-3.1639332521706525
2021,3,22,0.045373871777529266,-0.0019056543875890313,Indonesia,-3.0928188511133152
2021,4,21,0.035596658107604165,8.023914251879898e-5,Indonesia,-3.3355035189124393
2021,5,17,0.03369737652805627,-4.7434394071936336e-4,Indonesia,-3.3903352924862786
2021,6,21,0.03595860925863525,3.034894163936504e-4,Indonesia,-3.3253867448030414
2021,7,21,0.030801843256924054,6.679542361920045e-4,Indonesia,-3.480180744789281
2021,8,20,0.03917184164323012,6.567815094285835e-4,Indonesia,-3.23979711573285
2021,9,22,0.03426989953960673,9.988296341673186e-4,Indonesia,-3.373487874538296
2021,10,20,0.04066859232640065,0.0023641341515356906,Indonesia,-3.2022991717495337
2021,11,22,0.035838609856358665,-3.9766726396563726e-4,Indonesia,-3.328729479117654
2021,12,22,0.022721126189037467,3.2959145903322816e-4,Indonesia,-3.784460118178182
2022,1,21,0.03183602692532344,3.5802084973883097e-4,Indonesia,-3.447156708288061
2022,2,18,0.03428151486610415,0.002112622342298426,Indonesia,-3.3731489952690854
2022,3,22,0.029337317122473592,0.00119358303345071,Indonesia,-3.5288949514001002
2022,4,19,0.02439962424908732,0.0011591800775092357,Indonesia,-3.713187546429125
2022,5,15,0.07023295365787852,-7.41367041876375e-4,Indonesia,-2.655937652770066
2022,6,21,0.03682107299002004,-0.0016080838466550904,Indonesia,-3.301684962102081
2022,7,21,0.04540296479128244,2.7165125445187524e-4,Indonesia,-3.0921778722942923
2022,8,22,0.023994997658487494,0.0014636239626428995,Indonesia,-3.729909901255284
2022,9,22,0.028695255411509066,-8.809758292170598e-4,Indonesia,-3.5510234865550268
2022,10,21,0.029091423347848536,3.9128371999510507e-4,Indonesia,-3.5373118785606885
2022,11,22,0.03282609344084272,-1.126869191889152e-4,Indonesia,-3.4165315481266756
2022,12,22,0.03526814885676421,-0.0015054685068973872,Indonesia,-3.3447750210346032
2023,1,21,0.03665534063400008,-7.845405738858888e-5,Indonesia,-3.306196141374727
2023,2,20,0.01957085840085315,2.8481270347402163e-5,Indonesia,-3.9337136354368174
2023,3,21,0.04007975008690504,-2.648954515963215e-4,Indonesia,-3.216884057581628
2023,4,14,0.019033088879755532,0.001149868385418909,Indonesia,-3.9615762945161785
2023,5,21,0.022995455374787657,-0.0019857096938933763,Indonesia,-3.7724586749774742
2023,6,17,0.015486109141674005,2.532346820798806e-4,Indonesia,-4.167811841278395
2023,7,20,0.021899450277650948,0.001982715935436286,Indonesia,-3.821293743951855
2023,8,22,0.01898144013656066,1.4339541420211254e-4,Indonesia,-3.9642936121477135
2023,9,20,0.019977353747916003,-9.621776286268249e-5,Indonesia,-3.913155959582599
2023,10,22,0.03229030648325665,-0.0012461921743090315,Indonesia,-3.4329882026727105
2023,11,22,0.037633404136262066,0.0021594816130523498,Indonesia,-3.279863215107683
2023,12,19,0.027953459357863305,0.0014085441634687237,Indonesia,-3.577214317527739
2024,1,22,0.026493555411816794,-4.071640272712463e-4,Indonesia,-3.6308537675728454
2024,2,18,0.02605807271986635,8.275309558685412e-4,Indonesia,-3.6474276655127458
2024,3,18,0.023662193177812166,-2.07676410077598e-4,Indonesia,-3.743876729131411
2024,4,16,0.04094436829102125,-4.700856545337695e-4,Indonesia,-3.1955410046114783
2024,5,18,0.039668267160821245,-0.0020610301812741872,Indonesia,-3.2272037267605675
2024,6,18,0.04040087951961932,7.350449891664709e-4,Indonesia,-3.208903723964395
2024,7,23,0.02710489651514305,0.0011671451709229007,Indonesia,-3.608040884202117
2024,8,22,0.047525589185513535,0.00252801026717566,Indonesia,-3.0464869933038803
2024,9,20,0.03728730625398513,-9.396084499220687e-4,Indonesia,-3.289102325159191
2024,10,23,0.031165074191042245,2.6538462978125055e-4,Indonesia,-3.468457228135604
2024,11,20,0.04150818592993626,-0.0031310881960697756,Indonesia,-3.1818646198732035
2024,12,19,0.04677138820887968,-2.5482213785737074e-4,Indonesia,-3.0624836260752604
2010,1,18,0.04580768416484269,-0.003810280756264402,Brazil,-3.083303425409955
2010,2,18,0.07038494553680469,9.274566883830104e-4,Brazil,-2.653775880492311
2010,3,23,0.04014078179549507,0.0024586259717646686,Brazil,-3.215362459084753
2010,4,20,0.05084486706216915,-0.0020611756595024563,Brazil,-2.978976104312832
2010,5,21,0.097342100345488,-0.0032710220758353113,Brazil,-2.329523697395523
2010,6,21,0.06729276269420185,-0.0016217308058914955,Brazil,-2.698702586090276
2010,7,21,0.05047217769215724,0.00488217439726279,Brazil,-2.986333031311226
2010,8,22,0.05548113059927253,-0.001624283670823264,Brazil,-2.891712305241477
2010,9,21,0.045432076755342846,0.003033499814775588,Brazil,-3.09153688695292
2010,10,20,0.04419875804230653,8.872276932180513e-4,Brazil,-3.1190585888836075
2010,11,20,0.056578163092192345,-0.00214517860973773,Brazil,-2.8721321793092556
2010,12,21,0.04577278895528958,0.0011122391062156753,Brazil,-3.0840654920395107
2011,1,20,0.041584183840862446,-0.0020093960982660694,Brazil,-3.180035380140908
2011,2,20,0.055352238354139244,6.031814442385658e-4,Brazil,-2.8940381806426503
2011,3,21,0.045822890219644107,8.43345324555788e-4,Brazil,-3.082971526258539
2011,4,19,0.04260532814762261,-0.0019176392922662401,Brazil,-3.155775959640044
2011,5,22,0.047657713881746513,-0.0010519957023194166,Brazil,-3.0437107756935093
2011,6,21,0.043165630438600236,-0.0016616468814928138,Brazil,-3.142710692082178
2011,7,21,0.052735622695833935,-0.002814116238075417,Brazil,-2.9424640993051843
2011,8,23,0.1408340293539131,-0.0017556867923569964,Brazil,-1.9601731787072678
2011,9,21,0.09087104453416352,-0.0036522372302489675,Brazil,-2.398313870522376
2011,10,20,0.09189711441618527,0.005439926261479755,Brazil,-2.387085649284458
2011,11,20,0.06658945419839693,-0.0012698902392230588,Brazil,-2.7092090593431606
2011,12,21,0.06455256455045963,-1.014161339060335e-4,Brazil,-2.740275432804643
2012,1,20,0.05678734684080981,0.005277539625561101,Brazil,-2.868441744958411
2012,2,18,0.0505896034266357,0.0023625145307829666,Brazil,-2.984009189676487
2012,3,22,0.059735120097524116,-9.075654830800094e-4,Brazil,-2.817835155209838
2012,4,20,0.0520379991824653,-0.0021304407596336892,Brazil,-2.955781073762104
2012,5,22,0.08265347924847832,-0.00573680627768008,Brazil,-2.4930983594307863
2012,6,20,0.0764766375795433,-1.2402964695219546e-4,Brazil,-2.570769975908091
2012,7,21,0.08438032692875312,0.0015021775955699939,Brazil,-2.472420997811901
2012,8,23,0.05956859358587566,7.408059078564903e-4,Brazil,-2.8206267970566143
2012,9,19,0.06027399760662422,0.001915535960101803,Brazil,-2.808854485387087
2012,10,22,0.04183537469424925,-0.0016487506833181664,Brazil,-3.1740130127968724
2012,11,19,0.06304524002696058,3.7402796824621257e-4,Brazil,-2.7639027146318913
2012,12,18,0.03509999585197734,0.0032631443623035105,Brazil,-3.349554266687608
2013,1,21,0.04944066929423816,-9.396854707181671e-4,Brazil,-3.0069819284195156
2013,2,18,0.03322908521244564,-0.0022161633266875535,Brazil,-3.4043297259609897
2013,3,20,0.05120092084628873,-9.42230104572772e-4,Brazil,-2.971997761819331
2013,4,22,0.06802161582386328,-3.579307852383007e-4,Brazil,-2.6879297445564023
2013,5,21,0.045495296578103264,-0.0020928313281985706,Brazil,-3.0901463302782948
2013,6,20,0.07886330327485354,-0.005998487963091571,Brazil,-2.5400392635725755
2013,7,22,0.07524984010745114,7.381876676967017e-4,Brazil,-2.5869415001733342
2013,8,22,0.06772208607989294,0.0016417648207105054,Brazil,-2.6923429177041593
2013,9,21,0.06708344435228686,0.0021685567642679192,Brazil,-2.7018179964120215
2013,10,23,0.05361740630347708,0.0015648217697454743,Brazil,-2.9258815191555962
2013,11,19,0.05327624072480897,-0.0017496490377636395,Brazil,-2.932264812206062
2013,12,19,0.0404284853969064,-9.869754159257287e-4,Brazil,-3.2082206583881914
2014,1,22,0.053180023259793145,-0.0035484530572935857,Brazil,-2.934072455788774
2014,2,20,0.0630954672246153,-5.753074564997187e-4,Brazil,-2.7631063468073624
2014,3,19,0.058494820712786715,0.00358648134065513,Brazil,-2.838817063487924
2014,4,20,0.05471142206028877,0.0011868335854230416,Brazil,-2.905682778550206
2014,5,21,0.053842041084208106,-3.583076532699366e-4,Brazil,-2.921700684182066
2014,6,19,0.04948639288549065,0.0019450395145929934,Brazil,-3.0060575383992134
2014,7,22,0.04881586567036386,0.002219851637841493,Brazil,-3.019699902765873
2014,8,21,0.05638409706703098,0.0044424103604652,Brazil,-2.875568127134877
2014,9,22,0.07789301461284243,-0.005657007930609385,Brazil,-2.552419001334836
2014,10,23,0.13495401905409019,4.1021680601438065e-4,Brazil,-2.0028211581602573
2014,11,19,0.07238464349952783,3.3709484159640844e-5,Brazil,-2.6257611084483146
2014,12,20,0.09257016633118344,-0.004452118092470859,Brazil,-2.3797883670894273
2015,1,21,0.07781583070525978,-0.003046417096678157,Brazil,-2.5534103889948834
2015,2,18,0.05570560738801099,0.005277995791186521,Brazil,-2.8876744658769313
2015,3,22,0.06769883282210529,-3.8316674738818123e-4,Brazil,-2.6926863396541023
2015,4,20,0.05547765219584693,0.004733507282366033,Brazil,-2.8917750024582114
2015,5,20,0.053864415329522616,-0.0031839655097921408,Brazil,-2.9212852170618704
2015,6,21,0.05151845521818142,2.888438535713078e-4,Brazil,-2.965815181754721
2015,7,22,0.05398798101108758,-0.0019383629331090973,Brazil,-2.9189938310598507
2015,8,21,0.07852487371262097,-0.004143654228121463,Brazil,-2.544339841802961
2015,9,21,0.07173502856225877,-0.0016278849204460872,Brazil,-2.6347761072683618
2015,10,21,0.07233816153302812,8.484174049724934e-4,Brazil,-2.626403467032887
2015,11,19,0.07628308906725034,-8.665210758111537e-4,Brazil,-2.5733040026455147
2015,12,20,0.0710511002728935,-0.002000945198162629,Brazil,-2.644355938663176
2016,1,19,0.08007928832655976,-0.0037014954965895117,Brazil,-2.5247380310456338
2016,2,19,0.09303553552823947,0.003022085108074143,Brazil,-2.3747737563572455
2016,3,22,0.11590019985140682,0.007123840683031298,Brazil,-2.1550258042944592
2016,4,20,0.08678758033203232,0.0037106068927166727,Brazil,-2.444291751285633
2016,5,21,0.06637999657864449,-0.005064201289671068,Brazil,-2.712359524232273
2016,6,22,0.07830590421773573,0.0027781650222360454,Brazil,-2.5471322737485607
2016,7,21,0.04378384743221964,0.005063537519011637,Brazil,-3.1284903097021446
2016,8,23,0.05030942467436165,4.475837198194165e-4,Brazil,-2.9895628501562697
2016,9,21,0.068005918749706,3.817145734614037e-4,Brazil,-2.6881605371569766
2016,10,20,0.041452735522045675,0.005324104795957485,Brazil,-3.1832014038716827
2016,11,20,0.089966435886535,-0.0023807826011301714,Brazil,-2.4083186128033276
2016,12,21,0.06731056551655713,-0.001309349941730496,Brazil,-2.6984380633225893
2017,1,21,0.05953196708510934,0.003390101033787541,Brazil,-2.8212418487694624
2017,2,18,0.043457633102762426,0.0016845664983558988,Brazil,-3.135968767147234
2017,3,23,0.061696654250865936,-0.0011084343339634445,Brazil,-2.7855255756210506
2017,4,18,0.04366483671009523,3.570579567813644e-4,Brazil,-3.1312121527296344
2017,5,22,0.10851943750226546,-0.001910511732859196,Brazil,-2.2208259745603
2017,6,21,0.037782964768629516,1.432996599324062e-4,Brazil,-3.2758969454342854
2017,7,21,0.032783890366221737,0.002233129614039071,Brazil,-3.4178180316157047
2017,8,23,0.039553040331795616,0.0031265801404390704,Brazil,-3.230112714605599
2017,9,20,0.038021894215310645,0.0023838482965215842,Brazil,-3.2695931216134415
2017,10,21,0.046993128814993936,8.972512733896954e-6,Brazil,-3.0577538833853324
2017,11,19,0.06285242239457961,-0.0016818609172440883,Brazil,-2.7669658022132113
2017,12,20,0.04057614110211081,0.0029872806869393636,Brazil,-3.2045750426963227
2018,1,21,0.057200557662290714,0.005029444241634265,Brazil,-2.8611916313031625
2018,2,18,0.062087183500433664,3.7038478393597866e-4,Brazil,-2.7792156961991297
2018,3,21,0.03851089973807107,-6.410637943011179e-5,Brazil,-3.256813967676727
2018,4,21,0.04689130113485296,4.159865347746562e-4,Brazil,-3.059923097601672
2018,5,21,0.07890721893364062,-0.005479909995934205,Brazil,-2.539482560592747
2018,6,21,0.06914492070848932,-0.002542758006062619,Brazil,-2.6715506768086805
2018,7,21,0.04838298715324806,0.004048628949904485,Brazil,-3.0286070321501293
2018,8,23,0.07061242063735575,-0.0014179981207360546,Brazil,-2.6505492202491685
2018,9,19,0.05695598211294178,0.0017975151219654952,Brazil,-2.865476553113902
2018,10,22,0.09766949661765797,0.004409191898821971,Brazil,-2.3261659834455446
2018,11,19,0.05952229643495872,0.0012375511848041754,Brazil,-2.8214043066249976
2018,12,18,0.047725952569232136,-0.0010128565889789465,Brazil,-3.042279950025625
2019,1,21,0.055296768434460984,0.004891081366209147,Brazil,-2.8950408091512108
2019,2,20,0.05911513456013038,-9.379582537310856e-4,Brazil,-2.8282683034262206
2019,3,19,0.07157495307743032,-9.313911762217418e-5,Brazil,-2.637010083570226
2019,4,21,0.04854863165172742,4.6584438373075744e-4,Brazil,-3.025189268952443
2019,5,22,0.0581327246963558,3.182580990902613e-4,Brazil,-2.8450265259029535
2019,6,19,0.04369468602250626,0.002093343249580682,Brazil,-3.130528785590278
2019,7,22,0.03912804813639324,3.788292992102621e-4,Brazil,-3.2409157255170182
2019,8,22,0.07081339537655006,-3.032598798549718e-4,Brazil,-2.647707095944812
2019,9,21,0.030744624805502073,0.001670122236240481,Brazil,-3.4820401030825514
2019,10,23,0.05275120192177706,0.001015390149273157,Brazil,-2.9421687216385823
2019,11,19,0.03974573850045747,4.949216984536594e-4,Brazil,-3.225252651164596
2019,12,19,0.031145107100656814,0.003631236181149782,Brazil,-3.469098121506638
2020,1,22,0.05956996223772105,-8.718200754343733e-4,Brazil,-2.820603821256111
2020,2,18,0.0898526509217966,-0.004892020958590514,Brazil,-2.4095841623280707
2020,3,22,0.3671178386856303,-0.016150454680462722,Brazil,-1.0020723961278857
2020,4,20,0.13325333846077056,0.004879916979049261,Brazil,-2.0155031621354316
2020,5,20,0.08866937955580767,0.004109894560335903,Brazil,-2.4228406628425394
2020,6,21,0.07674509545792234,0.003996980218961508,Brazil,-2.5672657973850765
2020,7,23,0.06588920315737484,0.0034525244566548396,Brazil,-2.7197806876585258
2020,8,21,0.06093776514522309,-0.0016682885868204112,Brazil,-2.79790217913244
2020,9,21,0.0639352606499177,-0.002340524084030583,Brazil,-2.7498842599318563
2020,10,21,0.07286813286957453,-3.2881783221811627e-4,Brazil,-2.619103870386901
2020,11,19,0.07192572076630135,0.00776504302514618,Brazil,-2.632121348513035
2020,12,20,0.0444766474039792,0.0045685895093733105,Brazil,-3.1127910049924843
2021,1,19,0.06718116836884093,-0.0014758466896823642,Brazil,-2.700362303332061
2021,2,18,0.07302740714269479,-0.0029362242839875816,Brazil,-2.6169204679829368
2021,3,23,0.07051083860155946,0.002532275200284008,Brazil,-2.651988841951335
2021,4,20,0.03775849541694819,9.595756620917937e-4,Brazil,-3.2765447844481734
2021,5,21,0.04655556785852062,0.002845827862156538,Brazil,-3.0671086721320875
2021,6,21,0.03361423972317221,2.2057570448781054e-4,Brazil,-3.3928055005064914
2021,7,21,0.05607402319442136,-0.0019161071107943169,Brazil,-2.8810826183544926
2021,8,22,0.04970600414533303,-0.0011412319974862099,Brazil,-3.0016295454230435
2021,9,21,0.0766523279758756,-0.003235260345400363,Brazil,-2.5684753026202927
2021,10,20,0.07113605503248534,-0.0034879859865057476,Brazil,-2.6431609675770935
2021,11,20,0.06253695582700794,-7.721070979402009e-4,Brazil,-2.771997603752617
2021,12,21,0.05605566891161963,0.0013392638564038255,Brazil,-2.8814099943174676
2022,1,21,0.054183097897315284,0.0033187379368647004,Brazil,-2.9153862660838983
2022,2,19,0.03222440689569342,3.5192088307938406e-4,Brazil,-3.435031135424992
2022,3,22,0.06135924770766167,0.0026745337473249677,Brazil,-2.791009382303678
2022,4,19,0.053193267768885846,-0.005605315266576389,Brazil,-2.9338234363397553
2022,5,22,0.05900535933422681,0.0014411343184329481,Brazil,-2.830127003028437
2022,6,21,0.05938283193260124,-0.005819262910397629,Brazil,-2.8237501190929097
2022,7,21,0.04676279792184725,0.002183180714332369,Brazil,-3.062667308371797
2022,8,23,0.05876147816790933,0.002600214114128749,Brazil,-2.8342687719699047
2022,9,21,0.06632213095808438,2.2295714328854984e-4,Brazil,-2.7132316372164706
2022,10,20,0.08194449680582686,0.0026546216446853054,Brazil,-2.501713129118224
2022,11,20,0.07728658745869472,-0.0015540168154370981,Brazil,-2.5602348512679827
2022,12,21,0.060488147281073046,-0.001050791675487076,Brazil,-2.8053078458482794
2023,1,22,0.06453252151874728,0.0014237541472435142,Brazil,-2.740585972658374
2023,2,18,0.0523339483400731,-0.004376234122011169,Brazil,-2.9501100106498477
2023,3,23,0.05647929604939927,-0.0012824887155293548,Brazil,-2.873881149589425
2023,4,18,0.05391933663881902,0.0013733811686628245,Brazil,-2.9202661151462896
2023,5,22,0.05002975451242378,0.0016678243757185418,Brazil,-2.9951373603015017
2023,6,21,0.04817437424915245,0.004104445846629171,Brazil,-3.032928053885891
2023,7,21,0.04838652777206341,0.0015300991191697813,Brazil,-3.02853385582348
2023,8,23,0.04113777754890931,-0.002269136797107052,Brazil,-3.190828417876507
2023,9,20,0.04369422436489507,3.542740611164769e-4,Brazil,-3.130539351178272
2023,10,21,0.043764412839174344,-0.0014184625529102745,Brazil,-3.1289342841067596
2023,11,20,0.04762881338122051,0.005906432572251941,Brazil,-3.044317377744027
2023,12,19,0.037218790475900126,0.0027594447186733402,Brazil,-3.2909415249134653
2024,1,22,0.035119532876447306,-0.0022331163763393233,Brazil,-3.3489978110882075
2024,2,19,0.038723542964524495,5.19818240291003e-4,Brazil,-3.251307518576863
2024,3,20,0.02901644917533821,-3.554692445398187e-4,Brazil,-3.5398923968574234
2024,4,22,0.03711554360542727,-7.808861749081043e-4,Brazil,-3.293719432004265
2024,5,21,0.028738328640353843,-0.0014692642571045758,Brazil,-3.549523554498501
2024,6,20,0.03419374697910104,7.353641624104231e-4,Brazil,-3.375712488498666
2024,7,23,0.03016831829369115,0.00129463161705106,Brazil,-3.5009629683759864
2024,8,22,0.0365090971163484,0.002880749348260588,Brazil,-3.3101938133834996
2024,9,21,0.035188219521687596,-0.0014893945863385446,Brazil,-3.3470439250728146
2024,10,23,0.02917891544643711,-6.992475283716407e-4,Brazil,-3.5343089042808686
2024,11,19,0.046453552556857555,-0.001667410989441757,Brazil,-3.0693023353366624
2024,12,19,0.05552236218862244,-0.002305063641654814,Brazil,-2.890969417063626
2010,1,19,0.042392747505569275,-0.003947200095028691,Mexico,-3.1607779807717926
2010,2,19,0.03966948858087068,0.0021096299519655485,Mexico,-3.2271729363748776
2010,3,22,0.02248129243502741,0.0022863290454789758,Mexico,-3.795071762947925
2010,4,20,0.04499813416079232,-8.780763161794882e-4,Mexico,-3.1011342531649393
2010,5,20,0.06308475275637387,-0.001002401281325671,Mexico,-2.763276174824286
2010,6,22,0.05834695028307314,-0.0012682372846057888,Mexico,-2.8413481875439643
2010,7,22,0.03669353539547298,0.0016499904693399717,Mexico,-3.30515468669968
2010,8,22,0.04466978244386175,-8.93498607254628e-4,Mexico,-3.1084580139263265
2010,9,20,0.029143944349216255,0.0025393634421830846,Mexico,-3.5355081287885315
2010,10,21,0.03044299312640579,0.0030944961330624785,Mexico,-3.4918994220970525
2010,11,20,0.03753284862488612,0.0017257943860272465,Mexico,-3.282538766107455
2010,12,21,0.021986059357157296,0.0018093247148080812,Mexico,-3.8173466920584693
2011,1,21,0.029004814232501706,-0.001596498247299529,Mexico,-3.540293454756169
2011,2,19,0.037645484812545496,5.328586046509951e-5,Mexico,-3.2795422572254442
2011,3,22,0.038006088237020834,5.13778951657848e-4,Mexico,-3.27000891532538
2011,4,19,0.028552479895020588,-6.761135747350825e-4,Mexico,-3.5560114851805324
2011,5,22,0.03628271606416601,-0.0014110814303141788,Mexico,-3.316413792585713
2011,6,22,0.03565685346003623,9.108451807015336e-4,Mexico,-3.333813907679867
2011,7,21,0.026224558705992447,-7.333982472303882e-4,Mexico,-3.641058952067573
2011,8,23,0.10727365526546817,-3.373480985122091e-4,Mexico,-2.232372183578427
2011,9,21,0.08794842869115932,-0.003052295835854038,Mexico,-2.4310046738915467
2011,10,21,0.06270196356479395,0.003633801411800063,Mexico,-2.7693625150107537
2011,11,20,0.07264982333337139,9.168198654946569e-4,Mexico,-2.6221043207186794
2011,12,20,0.04747042306201283,3.360617324378088e-4,Mexico,-3.0476484342611765
2012,1,20,0.04315419017671524,4.633042991790681e-4,Mexico,-3.14297575894331
2012,2,20,0.02747508837890241,5.236823684866112e-4,Mexico,-3.5944755619950812
2012,3,21,0.03339909900042247,0.00209941088861752,Mexico,-3.3992263553985973
2012,4,19,0.03803751793092084,-8.028226444289322e-5,Mexico,-3.2691822923580194
2012,5,22,0.04359810582877181,-0.0018670784576356233,Mexico,-3.1327415738651037
2012,6,21,0.040128842641223836,0.0028389859353708186,Mexico,-3.215659935357828
2012,7,21,0.03467216209255361,5.941645889213323e-4,Mexico,-3.361818159171558
2012,8,23,0.0261361393297029,-0.0013920938780731047,Mexico,-3.6444362737478184
2012,9,19,0.028753521258714596,0.001807804922115683,Mexico,-3.5489950406746784
2012,10,23,0.028152724390658215,8.659335110973702e-4,Mexico,-3.570111147883762
2012,11,19,0.029569864011622038,2.693704434824549e-4,Mexico,-3.520999543991294
2012,12,19,0.02203068111937427,0.00230439679335594,Mexico,-3.8153192008349244
2013,1,22,0.022395121611380214,0.0016064135219189455,Mexico,-3.798912129046025
2013,2,19,0.032812497839886615,-0.0013624717586621035,Mexico,-3.4169458044623235
2013,3,18,0.03784541975745059,-5.530284415645792e-5,Mexico,-3.2742453167922116
2013,4,22,0.046042065704046994,-0.0019098534329332717,Mexico,-3.0781998285405576
2013,5,22,0.04194620998008382,-7.320000515714494e-4,Mexico,-3.1713671962747214
2013,6,20,0.07131790940747562,-0.0011738776637731274,Mexico,-2.640607799267702
2013,7,23,0.049004138971658305,2.2905401834998236e-4,Mexico,-3.015850515629446
2013,8,22,0.047100230278168065,-0.001522842676701977,Mexico,-3.0554773888386366
2013,9,20,0.0570314462732294,8.696005227527326e-4,Mexico,-2.864152474267993
2013,10,23,0.049554300871541994,9.136843769150895e-4,Mexico,-3.0046862233545166
2013,11,20,0.04071697651849895,0.0017484655943013302,Mexico,-3.201110160024599
2013,12,18,0.024107701581811504,5.976894605247786e-4,Mexico,-3.725223921826392
2014,1,22,0.04122438940179376,-0.0022548708758804176,Mexico,-3.188725222003501
2014,2,19,0.04378518662526856,-0.002771349700722587,Mexico,-3.128459723706457
2014,3,20,0.04222686472156691,0.0021187114350643913,Mexico,-3.1646986557105676
2014,4,20,0.028457410108191174,3.079316128814293e-4,Mexico,-3.5593466915789516
2014,5,21,0.029539245174853936,7.553766430409126e-4,Mexico,-3.52203555485081
2014,6,21,0.026076018624521878,0.0015568628898333394,Mexico,-3.646739213680113
2014,7,23,0.025572709243179975,0.001085590085375589,Mexico,-3.666229541315234
2014,8,21,0.023653976584930073,0.0019278991902986656,Mexico,-3.744224035052659
2014,9,21,0.02439592897575563,-6.752264962072627e-4,Mexico,-3.713339005859116
2014,10,23,0.03415043719869569,4.0437921726584454e-5,Mexico,-3.376979890742874
2014,11,19,0.029408233311762424,-9.87616910619163e-4,Mexico,-3.5264805992249064
2014,12,20,0.06559999136262878,-0.0011963644985874215,Mexico,-2.7241797146993467
2015,1,21,0.05905075681250962,-0.0024864718424823756,Mexico,-2.829357919951639
2015,2,19,0.04452974352504168,0.004007183187561704,Mexico,-3.111597919264446
2015,3,21,0.03500804711839387,-5.041614550636541e-4,Mexico,-3.3521773262513435
2015,4,20,0.028367931377869214,9.711966995631371e-4,Mexico,-3.562495948651053
2015,5,20,0.024146349946543837,1.357777561286968e-4,Mexico,-3.7236220512363585
2015,6,22,0.02673172761672237,3.545721436248267e-4,Mexico,-3.621904118794085
2015,7,23,0.03506522270178128,-2.91225384866415e-4,Mexico,-3.350545445900319
2015,8,21,0.05135937907018832,-0.0011098283794365009,Mexico,-2.9689077094284135
2015,9,21,0.039186941696468906,-0.0012015583343468067,Mexico,-3.2394117076705466
2015,10,22,0.027792889083786833,0.001992357990988079,Mexico,-3.582975079357958
2015,11,19,0.03976272795583194,-0.001345414638436462,Mexico,-3.224825288988207
2015,12,22,0.041934561290953444,-4.6409382743247004e-4,Mexico,-3.1716449402446147
2016,1,20,0.05359702086837413,7.542950854884563e-4,Mexico,-2.9262617932639667
2016,2,20,0.040336807440562714,9.635297793391075e-5,Mexico,-3.2104908908729177
2016,3,20,0.03198084988583598,0.002418155329216897,Mexico,-3.442617996387364
2016,4,21,0.032389201257675033,-1.0006180745931902e-4,Mexico,-3.4299302062550177
2016,5,22,0.02762436427806883,-3.241268278300877e-4,Mexico,-3.5890571319676075
2016,6,22,0.04743415286337337,5.041778522838087e-4,Mexico,-3.0484127851905525
2016,7,21,0.026831850994919398,7.137643095458282e-4,Mexico,-3.618165627177012
2016,8,23,0.026038269353868795,8.129377540618872e-4,Mexico,-3.6481879249153493
2016,9,21,0.04385010511408887,-2.969265036022301e-4,Mexico,-3.1269781630382236
2016,10,21,0.027284872046257503,7.633606645478201e-4,Mexico,-3.6014228678818756
2016,11,20,0.06679430193087202,-0.0028867521291444653,Mexico,-2.7061375025138736
2016,12,21,0.03897090950586823,3.423200232065919e-4,Mexico,-3.244939821287791
2017,1,22,0.0424272279457449,0.001332822510539263,Mexico,-3.159964954314487
2017,2,19,0.027786357081463754,-1.618008380416081e-4,Mexico,-3.583210131209281
2017,3,22,0.0312664065266231,0.0016056545658921933,Mexico,-3.465211031716717
2017,4,18,0.02628763149511223,8.177247002812355e-4,Mexico,-3.6386567357742092
2017,5,22,0.03493349004578052,-4.384511583956718e-4,Mexico,-3.3543093097300316
2017,6,22,0.021212941482994664,9.852396829749762e-4,Mexico,-3.853143836240269
2017,7,21,0.021058888329914364,0.001089984322961003,Mexico,-3.8604325595235487
2017,8,23,0.016603245757841802,1.6894937263994597e-4,Mexico,-4.098157075151834
2017,9,21,0.02007229522392587,-8.106605626936857e-4,Mexico,-3.9084147617795755
2017,10,22,0.03449901783698815,-0.0015805276639939692,Mexico,-3.366824423843155
2017,11,20,0.02891786389563578,-0.0016018109441062304,Mexico,-3.5432957469494273
2017,12,19,0.028006143918676323,0.0024692029341610625,Mexico,-3.5753313672102123
2018,1,22,0.03205598431691025,0.0010035323451427819,Mexico,-3.4402713948887973
2018,2,19,0.04065914094384805,-0.0032464717212124547,Mexico,-3.20253159880031
2018,3,19,0.034453195719897536,-0.0014773804677635607,Mexico,-3.3681535218219523
2018,4,21,0.034572727262945045,0.002251576003904059,Mexico,-3.36469013712924
2018,5,22,0.034452142929377226,-0.0036136190878052294,Mexico,-3.368184079411278
2018,6,21,0.029070656456714524,0.0030963921397456893,Mexico,-3.5380259827359963
2018,7,22,0.041720182692158395,0.0019002423345509034,Mexico,-3.1767702698524802
2018,8,23,0.0439393205132667,-1.3171715926651098e-4,Mexico,-3.124945676112772
2018,9,20,0.021459306908400838,-4.393611882314019e-5,Mexico,-3.8415968392069733
2018,10,23,0.06113947242822466,-0.005181460559566307,Mexico,-2.7945975914702426
2018,11,20,0.10579748518824231,-0.0025798087828621703,Mexico,-2.2462285293277495
2018,12,19,0.040845234406252026,-1.1680128726581898e-4,Mexico,-3.1979651252831895
2019,1,22,0.031149226750123108,0.002493082763177783,Mexico,-3.468965857487821
2019,2,19,0.0363936512564544,-0.0014116481015586707,Mexico,-3.3133609355831597
2019,3,20,0.037931801119509674,5.3130071821732e-4,Mexico,-3.2719654390538677
2019,4,20,0.0378304102312439,0.0014976768349248106,Mexico,-3.274641996323992
2019,5,22,0.03284873916524396,-0.001923828400893173,Mexico,-3.4158419163636355
2019,6,20,0.024360862935223465,4.7958710880537927e-4,Mexico,-3.7147774124976083
2019,7,23,0.04030000095719066,-0.00237887326562868,Mexico,-3.2114037862778706
2019,8,22,0.05578349254668957,0.0019161398213019187,Mexico,-2.8862772858585397
2019,9,20,0.031807512289581584,4.539940310443135e-4,Mexico,-3.4480527815737894
2019,10,23,0.040084933078806666,3.2830869255168443e-4,Mexico,-3.2167547489707995
2019,11,20,0.030048541177591478,-6.001891954463545e-4,Mexico,-3.5049411656821197
2019,12,20,0.041879095896582993,8.346996001215251e-4,Mexico,-3.17296848116452
2020,1,22,0.048027969179169336,5.883953042345098e-4,Mexico,-3.03597174654017
2020,2,19,0.05042814132646175,-0.0034314345036895503,Mexico,-2.9872059000775444
2020,3,21,0.1506714163346819,-0.008519629547746228,Mexico,-1.8926538639696635
2020,4,20,0.07828634062376207,0.0026977155867841775,Mexico,-2.5473821404529464
2020,5,20,0.07308648986199207,-4.7853418959000767e-4,Mexico,-2.61611174651662
2020,6,22,0.08154688020001057,0.0019624309175114893,Mexico,-2.506577206931263
2020,7,23,0.0398537582766458,-8.107019808497157e-4,Mexico,-3.222538567612053
2020,8,21,0.043563188415927,-2.3074358846716508e-4,Mexico,-3.1335427876381505
2020,9,21,0.04932431608528375,7.921297132366156e-4,Mexico,-3.0093380926478663
2020,10,22,0.05044492983407611,-5.749558868649073e-4,Mexico,-2.986873036061881
2020,11,19,0.06305999323107753,0.006410579037316939,Mexico,-2.7636687322062126
2020,12,22,0.05956765125131577,0.002423532707220118,Mexico,-2.820642616500331
2021,1,20,0.05475826843104073,-0.0012420122005972105,Mexico,-2.9048269001166163
2021,2,19,0.04404434064709348,0.001931930011992983,Mexico,-3.1225584105155493
2021,3,22,0.04444139621016188,0.00262721147559612,Mexico,-3.113583896833809
2021,4,20,0.04276276831504337,8.014965312399974e-4,Mexico,-3.1520874541574764
2021,5,21,0.04272633755247918,0.0027706368711668755,Mexico,-3.152939744385565
2021,6,22,0.027854686266349463,-5.357072573344076e-4,Mexico,-3.5807540586727886
2021,7,22,0.043335237697532315,5.199572758905937e-4,Mexico,-3.138789171294169
2021,8,22,0.03548469785970327,0.002126585749163306,Mexico,-3.3386537216334293
2021,9,21,0.04191669147127872,-0.001746105039015722,Mexico,-3.1720711669104444
2021,10,21,0.026624994897790338,-7.021314918487752e-5,Mexico,-3.625904846584854
2021,11,20,0.032098021328995884,-0.0015951695255523644,Mexico,-3.4389608915872913
2021,12,23,0.0440751487290061,0.0030191303294673623,Mexico,-3.1218591762511205
2022,1,21,0.03920228124088709,-0.0017679611561058478,Mexico,-3.23902033895839
2022,2,19,0.05901929945632575,0.0020805363697974895,Mexico,-2.829890779135793
2022,3,22,0.04967202688891034,0.0025939758229765924,Mexico,-3.0023133435903646
2022,4,19,0.03980239833942126,-0.004994838293554281,Mexico,-3.2238281087228393
2022,5,22,0.0545324827712424,2.9480209304127476e-4,Mexico,-2.908958740707593
2022,6,22,0.05102430605434567,-0.0038740474991147368,Mexico,-2.975453170489526
2022,7,21,0.04005535437692365,6.170969687267255e-4,Mexico,-3.217492922096082
2022,8,23,0.048227458803183416,-0.003014678159424641,Mexico,-3.0318267354209674
2022,9,21,0.04778495099742115,-3.110068934119282e-4,Mexico,-3.0410445217448765
2022,10,21,0.05131482489372122,0.00533967711619075,Mexico,-2.9697755842702636
2022,11,20,0.05346802636177465,0.0017348535420460994,Mexico,-2.928671441834679
2022,12,21,0.04025987285847013,-0.003064120503126639,Mexico,-3.212400016786652
2023,1,22,0.044759066173994805,0.005389132350139744,Mexico,-3.1064612587141616
2023,2,19,0.039819074518252576,-0.001771722847766137,Mexico,-3.223409222247203
2023,3,22,0.042057954023670685,9.767343830153763e-4,Mexico,-3.1687067541211213
2023,4,18,0.031524208975838686,0.00124055836921233,Mexico,-3.456999489409842
2023,5,22,0.03693604715079412,-0.002010520010240572,Mexico,-3.298567317224384
2023,6,22,0.033439639512986494,6.757326143426475e-4,Mexico,-3.398013270937782
2023,7,21,0.03336408368396467,0.001136588615897203,Mexico,-3.4002752963945317
2023,8,23,0.046509621185844945,-0.0014500035831351214,Mexico,-3.0680960805687016
2023,9,21,0.03013619437034077,-0.001967449203140366,Mexico,-3.502028358840806
2023,10,22,0.04855603183037651,-0.0016494965286009947,Mexico,-3.0250368524072835
2023,11,20,0.05452651735586971,0.004850621069723981,Mexico,-2.9090681386549737
2023,12,19,0.04282528761085569,0.0031426299984163375,Mexico,-3.1506265188375715
2024,1,22,0.0480321334564666,-1.0685064062955678e-5,Mexico,-3.0358850450442185
2024,2,20,0.03293134431073151,-0.001736869338627578,Mexico,-3.413330360143434
2024,3,18,0.0321092521523432,0.0019262234782983806,Mexico,-3.4386110613312186
2024,4,22,0.038286118228017176,-5.107600142492627e-4,Mexico,-3.2626678968504605
2024,5,22,0.027074552054140444,-0.0012582185120712877,Mexico,-3.609161030862032
2024,6,20,0.08162093048655447,-0.0025458366547352895,Mexico,-2.505669548842132
2024,7,23,0.04858276866980999,5.73932118062622e-4,Mexico,-3.0244863650639973
2024,8,22,0.03547422529542643,-1.9145296663475805e-4,Mexico,-3.338948894217432
2024,9,20,0.04515581981482865,-4.1388973826910207e-4,Mexico,-3.0976361078727392
2024,10,22,0.03595447715236558,-0.0016010601744437347,Mexico,-3.3255016642559654
2024,11,20,0.029893690076123167,-8.444303279101284e-4,Mexico,-3.510107855099728
2024,12,19,0.04216486471381622,-0.0010403073748348124,Mexico,-3.1661679944554924
2012,2,15,0.025329792692340876,1.3478652387230255e-4,SouthAfrica,-3.6757739992759935
2012,3,22,0.030717643801593243,-9.9392552085971e-4,SouthAfrica,-3.4829180728110836
2012,4,19,0.036299542524879234,0.0013087506275142554,SouthAfrica,-3.3159501404111524
2012,5,23,0.04235104232008907,-0.0016177775187300552,SouthAfrica,-3.161762246142339
2012,6,19,0.03798115177821025,8.907687342503023e-4,SouthAfrica,-3.27066524814391
2012,7,22,0.034578217389006224,0.0011827129423429966,SouthAfrica,-3.364531350402599
2012,8,22,0.02657032705973718,0.0010295315243848563,SouthAfrica,-3.6279602099245944
2012,9,20,0.03633159698540247,5.179871537762002e-4,SouthAfrica,-3.315067475955645
2012,10,23,0.031065927151859046,0.0016677982961113003,SouthAfrica,-3.4716436503667327
2012,11,22,0.028017759350204875,0.0011455645842082453,SouthAfrica,-3.5749167073590686
2012,12,19,0.016284335417429182,0.001559066278088731,SouthAfrica,-4.117551650578277
2013,1,22,0.027393695799948835,0.0014055767277712568,SouthAfrica,-3.597442372354482
2013,2,20,0.027544488189838384,-9.644136872426931e-4,SouthAfrica,-3.5919528291036222
2013,3,20,0.02843821596673668,1.901227532445487e-4,SouthAfrica,-3.5600214057356205
2013,4,21,0.046899747558054095,-0.0013643238246190937,SouthAfrica,-3.0597429861018712
2013,5,21,0.05376672138268504,0.003872266932899681,SouthAfrica,-2.923100564862719
2013,6,20,0.06813214210226719,-0.002989260760805657,SouthAfrica,-2.6863061932954513
2013,7,23,0.05163921486443722,0.0018440496120609568,SouthAfrica,-2.963473917138696
2013,8,22,0.03836132202054463,0.0010182927449388598,SouthAfrica,-3.2607055660429056
2013,9,21,0.037466539326789984,0.0019914849032096078,SouthAfrica,-3.284307028947589
2013,10,23,0.03009142325048327,0.0014428441644637627,SouthAfrica,-3.5035150896753575
2013,11,21,0.03706761029098423,-5.703064807066244e-4,SouthAfrica,-3.2950117286672196
2013,12,19,0.04417790347221849,0.001477602586493706,SouthAfrica,-3.1195305363438925
2014,1,22,0.03135491190530021,-0.0011182903684640133,SouthAfrica,-3.4623843445812703
2014,2,20,0.032405919273664756,0.00237638925743644,SouthAfrica,-3.429414179238674
2014,3,21,0.03238990363130799,4.426457452159768e-4,SouthAfrica,-3.4299085210639615
2014,4,20,0.024858533990070025,0.0011374332041127922,SouthAfrica,-3.6945541652711507
2014,5,20,0.018185427133990018,7.742042730206402e-4,SouthAfrica,-4.007134712560024
2014,6,21,0.02556859182182521,0.001242946749305521,SouthAfrica,-3.6663905626923956
2014,7,23,0.028933823279115294,3.8304172959907395e-4,SouthAfrica,-3.5427440125173386
2014,8,21,0.02794755196366711,-4.0666406490650416e-4,SouthAfrica,-3.5774256694900215
2014,9,22,0.03567293724535494,-0.0014709762954979214,SouthAfrica,-3.3333629380237877
2014,10,23,0.05930598447371634,3.393423797526091e-4,SouthAfrica,-2.8250450594579806
2014,11,20,0.04256937098925466,1.891843541509175e-4,SouthAfrica,-3.1566202751672696
2014,12,21,0.06445537327221472,-1.3449403717353536e-4,SouthAfrica,-2.741782181897342
2015,1,21,0.06182547368412732,0.0014104312933964208,SouthAfrica,-2.7834398039116937
2015,2,20,0.0219389261501573,0.001986085217890032,SouthAfrica,-3.819492770175311
2015,3,22,0.03650523400408562,-0.0010013002948769537,SouthAfrica,-3.310299631301903
2015,4,21,0.02861716093509131,0.002017639806526784,SouthAfrica,-3.5537487084084685
2015,5,21,0.03243984557699037,-0.001936573188140773,SouthAfrica,-3.4283678100116566
2015,6,22,0.034823062916664656,-4.0521539069333055e-4,SouthAfrica,-3.357475384218231
2015,7,23,0.05457530744781433,2.062310095784481e-4,SouthAfrica,-2.9081737430702095
2015,8,21,0.06957175594486296,-0.0019427711221347858,SouthAfrica,-2.665396599392953
2015,9,22,0.07175722700392471,1.0587276699481764e-4,SouthAfrica,-2.634466704621432
2015,10,22,0.039491459802843104,0.0032435661804869854,SouthAfrica,-3.231670837974236
2015,11,21,0.042157750592969834,-0.0019754144161810406,SouthAfrica,-3.166336730229101
2015,12,22,0.06440268537403222,-8.122958557200183e-4,SouthAfrica,-2.7425999483866437
2016,1,20,0.06532109795090651,-0.001554499301736012,SouthAfrica,-2.7284402022197534
2016,2,21,0.06797413836852809,2.6416156095874913e-4,SouthAfrica,-2.688627964255186
2016,3,21,0.049342027493951515,0.0026564288979094345,SouthAfrica,-3.008979076427836
2016,4,21,0.0332811678812622,6.400494482920275e-4,SouthAfrica,-3.402763571058856
2016,5,22,0.0427203642146196,8.064017771798724e-4,SouthAfrica,-3.1530795587434226
2016,6,21,0.06762975534114966,-0.0015145368652611409,SouthAfrica,-2.693707225010147
2016,7,21,0.03491503153626088,5.258782794453642e-4,SouthAfrica,-3.3548378394549636
2016,8,21,0.029561426298967894,-5.817042519174457e-5,SouthAfrica,-3.521284933086208
2016,9,22,0.04855022781656667,-6.802424007456311e-4,SouthAfrica,-3.0251563918445523
2016,10,21,0.033162997130555455,-0.0012629969757097248,SouthAfrica,-3.4063205688864113
2016,11,22,0.044747101518419034,-3.433009610085007e-4,SouthAfrica,-3.1067286068970965
2016,12,19,0.048102182675654796,4.6348682726189184e-4,SouthAfrica,-3.034427725027725
2017,1,21,0.03351103987949286,0.0019655754742655364,SouthAfrica,-3.395880345798765
2017,2,20,0.030374994659358476,-0.0015800452638177198,SouthAfrica,-3.4941355531450293
2017,3,22,0.03432539388402952,8.016321337986909e-4,SouthAfrica,-3.3718698522583397
2017,4,17,0.028112927437883455,0.001957291101015958,SouthAfrica,-3.571525757263302
2017,5,22,0.019369579625259897,-2.1566488291399377e-4,SouthAfrica,-3.944051504160121
2017,6,21,0.034996272040692326,-0.0017674025692365602,SouthAfrica,-3.352513736288725
2017,7,21,0.031117730107694617,0.0032077205291666513,SouthAfrica,-3.4699775223163023
2017,8,22,0.027068885324957458,0.0010697587156971852,SouthAfrica,-3.609370353708086
2017,9,20,0.027068794877371204,-8.40492964897255e-4,SouthAfrica,-3.6093736950993653
2017,10,22,0.020702980897299165,0.0026990108702612437,SouthAfrica,-3.8774775843780525
2017,11,22,0.028489137225331692,6.068600312221633e-4,SouthAfrica,-3.5582324143520134
2017,12,19,0.03129069715537917,-2.3665000725175064e-4,SouthAfrica,-3.4644344410963988
2018,1,22,0.030287447109781936,1.1070185804809523e-6,SouthAfrica,-3.4970219391131785
2018,2,20,0.06061391842287002,-0.0010023412240267144,SouthAfrica,-2.80323073533353
2018,3,20,0.04533863857435287,-0.002505427525986458,SouthAfrica,-3.093595661385933
2018,4,19,0.03928905516637314,0.002571405138118546,SouthAfrica,-3.2368092933880366
2018,5,22,0.04269671928081893,-0.0016642412042479774,SouthAfrica,-3.153633193530213
2018,6,21,0.05370236212371173,0.0012164754169369202,SouthAfrica,-2.924298291028558
2018,7,22,0.040464835933212935,-1.4106898336270634e-4,SouthAfrica,-3.2073219305783907
2018,8,22,0.05808716581379958,9.678617243356864e-4,SouthAfrica,-2.845810537739308
2018,9,19,0.03065305949011391,-0.0027247602845675203,SouthAfrica,-3.485022801349523
2018,10,23,0.06716014505175044,-0.0026712170653469167,SouthAfrica,-2.7006752869813466
2018,11,22,0.058965933572003436,-0.0015218064711964947,SouthAfrica,-2.8307953989189953
2018,12,18,0.04835355583895032,0.002227788180631999,SouthAfrica,-3.029215516065214
2019,1,22,0.04360902600876444,0.0012076358849820424,SouthAfrica,-3.132491131502888
2019,2,20,0.03632139364410262,0.0016753090001816245,SouthAfrica,-3.3153483547268703
2019,3,20,0.028993969775662595,4.0944004694125596e-4,SouthAfrica,-3.540667409388182
2019,4,20,0.027616941413632825,0.0017967239731961904,SouthAfrica,-3.5893258752345427
2019,5,21,0.04493253325630937,-0.002401077706997579,SouthAfrica,-3.1025931751990523
2019,6,19,0.030068774063308927,0.0023611516463341686,SouthAfrica,-3.5042680522404996
2019,7,23,0.033325755644972595,-0.0010733044328329862,SouthAfrica,-3.4014247381565066
2019,8,21,0.043989514378817644,-0.001296370646643331,SouthAfrica,-3.1238039830364404
2019,9,20,0.041108013058386295,-3.9479097073718004e-4,SouthAfrica,-3.191552211558898
2019,10,23,0.036895287295436466,0.0012508059481389341,SouthAfrica,-3.299671451662811
2019,11,21,0.035032599675287275,-9.16926535560541e-4,SouthAfrica,-3.3514762317005915
2019,12,19,0.032014279797353336,0.001624570660215316,SouthAfrica,-3.4415732320522134
2020,1,22,0.04398304758086075,-8.070283184208227e-4,SouthAfrica,-3.1239510015573173
2020,2,20,0.07629113910085666,-0.004709852471846077,SouthAfrica,-2.5731984797965977
2020,3,22,0.2199204589710937,-0.0062410269512305034,SouthAfrica,-1.5144893481361745
2020,4,19,0.09692629382625623,0.0064980749881646364,SouthAfrica,-2.3338044467780374
2020,5,20,0.06902870292726361,1.4509200626875354e-4,SouthAfrica,-2.6732328764293274
2020,6,21,0.07437694020625542,0.0035254926273680953,SouthAfrica,-2.5986093286498027
2020,7,23,0.04094077259241063,0.0010738902465463516,SouthAfrica,-3.1956288275931364
2020,8,20,0.04554529125048509,-2.20950021198707e-4,SouthAfrica,-3.0890480360207606
2020,9,21,0.05674761572009584,-0.0010511302054650531,SouthAfrica,-2.8691416372460314
2020,10,22,0.04794506162206293,-0.0022144067070341716,SouthAfrica,-3.0376994731116405
2020,11,21,0.05205969450579388,0.0047381095953443805,SouthAfrica,-2.9553642475506092
2020,12,21,0.03759700678719407,0.0018942024943214796,SouthAfrica,-3.2808308384786335
2021,1,20,0.0433873097693013,0.0025139871854237042,SouthAfrica,-3.1375882822624717
2021,2,20,0.04888335074932147,0.0028512047433477683,SouthAfrica,-3.018318415950243
2021,3,22,0.050789093870245286,2.3802405136809035e-4,SouthAfrica,-2.980073635039978
2021,4,19,0.03959428148152943,3.5637749690047536e-4,SouthAfrica,-3.229070578181487
2021,5,21,0.04569697538152479,7.250880690769853e-4,SouthAfrica,-3.085723167483961
2021,6,21,0.03509889200480245,-0.001217249959005496,SouthAfrica,-3.3495857158233044
2021,7,22,0.06116047231427627,0.0018302943604874182,SouthAfrica,-2.794254175350109
2021,8,21,0.04178283807368057,-0.001077315982343375,SouthAfrica,-3.1752695961593376
2021,9,21,0.048875697708870215,-0.0022753928647381446,SouthAfrica,-3.0184749854051955
2021,10,21,0.038227086526792006,0.0023013449457878936,SouthAfrica,-3.264210943259957
2021,11,21,0.045363084152787544,0.0020787646059171865,SouthAfrica,-3.0930566290877235
2021,12,21,0.04249978759859965,0.0021367542098284426,SouthAfrica,-3.1582562007442627
2022,1,21,0.061871749234469864,3.829594441644329e-4,SouthAfrica,-2.7826915970981614
2022,2,20,0.0397190907346807,0.0011875583853820256,SouthAfrica,-3.2259233319433034
2022,3,22,0.0734071911487373,-3.5584715928975246e-4,SouthAfrica,-2.6117333761069736
2022,4,18,0.051338162301300234,-0.0022978006501316196,SouthAfrica,-2.969320898856448
2022,5,21,0.06870136978015544,-2.2626777286119135e-4,SouthAfrica,-2.6779861413768336
2022,6,21,0.07144554324506605,-0.004045252288083136,SouthAfrica,-2.6388197524080335
2022,7,21,0.06929872772828821,0.0019103373767877705,SouthAfrica,-2.669328731853966
2022,8,22,0.048562556140844294,-0.0011193838768046185,SouthAfrica,-3.0249024948015175
2022,9,22,0.060631403757295636,-0.0024511239691542962,SouthAfrica,-2.8029423063165186
2022,10,21,0.056341103083657855,0.0021514921823482885,SouthAfrica,-2.8763309376759176
2022,11,22,0.07018670422536649,0.00524601567436916,SouthAfrica,-2.6565963843875853
2022,12,19,0.04248722199891829,-0.0012667147282477448,SouthAfrica,-3.1585519071076806
2023,1,21,0.042606640492811536,0.004016099605769494,SouthAfrica,-3.155745157741908
2023,2,20,0.042876609877582274,-0.0011085812411372406,SouthAfrica,-3.1494288260357637
2023,3,22,0.05483549414968575,-0.00096547773372195945,SouthAfrica,-2.9034175912361047
2023,4,17,0.028917869367240497,0.0016149394756788508,SouthAfrica,-3.5432955577375194
2023,5,22,0.04353210380324282,-0.0018689637275439708,SouthAfrica,-3.1342565946238556
2023,6,21,0.043749042895477,6.053400151764145e-4,SouthAfrica,-3.129285543092623
2023,7,21,0.040966016489866794,0.0018127864278701473,SouthAfrica,-3.1950124220780793
2023,8,22,0.04806705346340007,-0.0023771365377890674,SouthAfrica,-3.0351582957430088
2023,9,20,0.041770723067932815,-0.0017450494914799108,SouthAfrica,-3.17555958992303
2023,10,22,0.045717555021569704,-0.0017471773277139104,SouthAfrica,-3.085272918703995
2023,11,22,0.05721618931081718,0.0036843450396218847,SouthAfrica,-2.8609183907324027
2023,12,18,0.057922342061568,9.90507317142095e-4,SouthAfrica,-2.848652095576339
2024,1,22,0.043032642997385684,-0.0014030925459879873,SouthAfrica,-3.1457963118151135
2024,2,21,0.030358789427130425,-0.0011808830930538268,SouthAfrica,-3.49466920119138
2024,3,19,0.03297274639745068,0.001291154252539597,SouthAfrica,-3.4120739254753936
2024,4,21,0.0389506984794758,9.739511684652466e-4,SouthAfrica,-3.2454585741053528
2024,5,21,0.02894129946536428,3.915295005034307e-4,SouthAfrica,-3.542485656735578
2024,6,19,0.04871502762531048,0.0020211349542341773,SouthAfrica,-3.0217677210248235
2024,7,23,0.03507208188633442,0.001636865178513942,SouthAfrica,-3.350349852852788
2024,8,21,0.03540112314965786,5.632289991276242e-4,SouthAfrica,-3.3410117319542465
2024,9,20,0.04056590368741241,0.0016434778088370897,SouthAfrica,-3.204827375867844
2024,10,23,0.028290318165770205,-5.885091685983123e-4,SouthAfrica,-3.5652356471511255
2024,11,21,0.02961807101662323,-4.901566406255243e-4,SouthAfrica,-3.519370596617548
2024,12,18,0.030224569518468265,-3.725950164310786e-4,SouthAfrica,-3.4991001251478595
