term,estimate,std.error,statistic,p.value,conf.low,conf.high
n_flood,-0.035961523135775865,0.01714612291697016,-2.0973559626230953,0.03737455109917374,-0.06979735441283375,-0.0021256918587179777
n_storm,-0.021197319523923657,0.0186968522046962,-1.133737342085819,0.25842936753630785,-0.05809333034069304,0.01569869129284573
n_drought,-0.025696725307113335,0.07806386829331552,-0.32917565922509767,0.7424099134175512,-0.17974647108333452,0.12835302046910785
n_wildfire,0.09216790699811402,0.06119861823539626,1.5060455555319325,0.13382801732601143,-0.02860027663321238,0.2129360906294404
n_extreme_temp,0.0398952211428024,0.05632852437756564,0.7082596532333759,0.4797104732177013,-0.07126241234404206,0.15105285462964685
n_mass_movement_wet,-0.03124520654878888,0.039895684891289945,-0.7831725820455925,0.4345665398189851,-0.10997458864882645,0.04748417555124868
fx_depreciation_pct,0.009142657595618008,0.005574247048293179,1.6401600999039803,0.1027378753664907,-0.0018574549975334323,0.02014277018876945
gdp_growth,-0.012327413297287088,0.006085888445742297,-2.025573325438027,0.044301906881766134,-0.02433718924595503,-3.176373486191465e-4
inflation,0.031050142005676677,0.008029126437004671,3.8671880744800147,1.5421788034792727e-4,0.015205617343149562,0.04689466666820379
credit_gdp,-0.0035779460164506857,0.001487820271845161,-2.40482408000356,0.017205428096697936,-0.006513982106505439,-6.419099263959326e-4
