"","realized_vol","log_realized_vol","disaster_dummy","disaster_count","people_affected_pct_pop","damage_pct_gdp","vix","oil_price","us_10y_yield","fx_depreciation_pct","gdp_growth","inflation","credit_gdp"
"realized_vol",1,0.906,-0.07,-0.069,0.016,0.005,0.624,-0.136,-0.202,0.347,-0.3,0.1,0.06
"log_realized_vol",0.906,1,-0.081,-0.085,0.033,0.012,0.562,-0.085,-0.178,0.297,-0.288,0.16,0.08
"disaster_dummy",-0.07,-0.081,1,0.786,0.179,0.135,0.034,0.035,0.047,-0.029,0.23,-0.025,-0.211
"disaster_count",-0.069,-0.085,0.786,1,0.173,0.155,0.043,-0.001,0.017,-0.003,0.195,-0.068,-0.214
"people_affected_pct_pop",0.016,0.033,0.179,0.173,1,0.405,-0.004,0.009,0.011,0.001,0.079,-0.067,-0.02
"damage_pct_gdp",0.005,0.012,0.135,0.155,0.405,1,-0.017,0.046,-0.001,0.008,0.03,-0.031,-0.031
"vix",0.624,0.562,0.034,0.043,-0.004,-0.017,1,-0.082,-0.227,0.219,-0.226,0.076,-0.072
"oil_price",-0.136,-0.085,0.035,-0.001,0.009,0.046,-0.082,1,0.396,-0.017,0.379,0.338,-0.082
"us_10y_yield",-0.202,-0.178,0.047,0.017,0.011,-0.001,-0.227,0.396,1,-0.012,0.339,0.115,-0.064
"fx_depreciation_pct",0.347,0.297,-0.029,-0.003,0.001,0.008,0.219,-0.017,-0.012,1,-0.038,0.027,0.062
"gdp_growth",-0.3,-0.288,0.23,0.195,0.079,0.03,-0.226,0.379,0.339,-0.038,1,0.061,-0.335
"inflation",0.1,0.16,-0.025,-0.068,-0.067,-0.031,0.076,0.338,0.115,0.027,0.061,1,0.205
"credit_gdp",0.06,0.08,-0.211,-0.214,-0.02,-0.031,-0.072,-0.082,-0.064,0.062,-0.335,0.205,1
