variable,label,obs,mean,sd,min,median,max
realized_vol,Monthly realized volatility (Y),1055,0.0464,0.0234,0.0152,0.0423,0.3671
log_realized_vol,Log realized volatility,1055,-3.1537,0.3884,-4.1853,-3.1639,-1.0021
disaster_dummy,Climate disaster dummy (0/1),1055,0.4882,0.5001,0,0,1
disaster_count,Number of climate disasters,1055,0.7924,1.0334,0,0,6
people_affected_pct_pop,People affected (% of population),1055,0.2411,1.3805,0,0,24.8489
damage_pct_gdp,Economic damage (% of GDP),1055,0.0226,0.1718,0,0,4.8678
total_deaths,Deaths from climate disasters,1055,52.2275,341.5684,0,0,7354
vix,VIX (global risk aversion),1055,18.2466,6.3494,10.1255,16.7895,57.7368
oil_price,"Oil price (WTI, USD/barrel)",1055,71.5961,21.2291,16.699,71.69,114.339
us_10y_yield,US 10-year Treasury yield (%),1055,2.4835,0.9323,0.6155,2.3541,4.798
fx_depreciation_pct,"FX depreciation vs USD (%, month-on-month)",1050,0.4052,2.5667,-8.2813,0.1754,18.5305
gdp_growth,"GDP growth (%, annual)",1055,3.5298,3.6655,-9.5183,4.7626,9.6896
inflation,"Inflation (%, annual)",1055,4.9115,2.0345,0.6742,4.5936,11.9894
credit_gdp,Domestic credit to private sector (% GDP),1055,53.8612,27.8412,22.3238,40.8941,128.8384
