term,estimate,std.error,statistic,p.value,conf.low,conf.high,k,period
D_k_lead3,-0.018406616803710082,0.018643063912758107,-0.9873171539745559,0.32489032545479424,-0.05520833644892653,0.018395102841506365,-3,Lead (before event)
D_k_lead2,-0.011603640382173293,0.018147426920061674,-0.6394096768256256,0.52341712828437,-0.04742696432288701,0.024219683558540428,-2,Lead (before event)
D_k_lead1,-0.01363761051209629,0.018691170290290052,-0.7296284983921496,0.46662143172312787,-0.0505342929503044,0.02325907192611182,-1,Lead (before event)
D_k_0,-0.03995433135799555,0.02091276736153892,-1.9105233978491218,0.057749055824545925,-0.08123648353247295,0.0013278208164818409,0,Impact month
D_k_lag1,-0.03464467082690797,0.01986524453967094,-1.7439841104257479,0.0829694230205934,-0.07385899544939323,0.004569653795577298,1,Lag (after event)
D_k_lag2,-0.017554802188385517,0.020191689244092804,-0.869407307935926,0.38585023192262535,-0.057413534111517193,0.02230392973474616,2,Lag (after event)
D_k_lag3,-0.018419150057053746,0.01812464126931055,-1.016249082305528,0.31095493097174426,-0.054197494742490505,0.017359194628383014,3,Lag (after event)
D_k_lag4,-0.022852748623235008,0.019997808464048184,-1.1427626514335008,0.2547439849763646,-0.062328756647270084,0.016623259400800065,4,Lag (after event)
D_k_lag5,0.009478148710524725,0.020713463311462673,0.4575839669110085,0.6478356376605314,-0.03141057393920364,0.050366871360253085,5,Lag (after event)
D_k_lag6,0.0357968401887073,0.021970860626597914,1.6292871179279915,0.10510386379674952,-0.007574005769228349,0.07916768614664296,6,Lag (after event)
